Date,Time,Source IP
2024-04-26,10:15:41,192.168.175.70
2024-04-26,10:15:41,20.189.173.17
2024-04-26,10:15:41,192.168.175.28
2024-04-26,10:15:41,34.111.140.99
2024-04-26,10:15:41,2.18.0.151
2024-04-26,10:15:41,196.203.81.14
2024-04-26,10:15:41,40.79.167.8
2024-04-26,10:15:41,20.189.173.23
2024-04-26,10:15:41,142.250.200.227
2024-05-04,13:21:14,41.226.16.204
2024-05-04,13:21:14,192.168.1.1
2024-05-04,13:21:14,142.251.143.142
2024-05-04,13:21:14,192.168.1.13
2024-05-04,13:21:14,224.0.0.1
2024-05-04,13:22:08,142.251.143.142
2024-05-04,13:22:08,192.168.1.13
2024-05-04,13:23:38,34.122.156.49
2024-05-04,13:23:38,142.251.143.142
2024-05-04,13:23:38,192.168.1.13
2024-05-04,13:23:38,41.226.49.207
2024-05-04,13:24:24,224.0.0.251
2024-05-04,13:24:24,142.251.143.131
2024-05-04,13:24:24,142.251.143.129
2024-05-04,13:24:24,41.226.49.204
2024-05-04,13:24:24,142.251.143.118
2024-05-04,13:24:24,142.251.143.142
2024-05-04,13:24:24,192.168.1.13
2024-05-04,13:24:24,142.251.143.98
2024-05-04,13:24:24,8.8.8.8
2024-05-04,13:24:24,142.251.143.132
2024-05-04,13:24:24,34.117.188.166
2024-05-04,13:24:24,142.251.143.182
2024-05-04,13:48:46,8.8.8.8
2024-05-04,13:48:46,100.21.205.47
2024-05-04,13:48:46,41.226.49.207
2024-05-04,13:48:46,54.71.191.119
2024-05-04,13:48:46,44.240.129.252
2024-05-04,13:48:46,216.58.204.142
2024-05-04,13:48:46,192.168.1.13
2024-05-04,13:48:46,13.226.175.104
2024-05-04,13:52:21,35.244.159.8
2024-05-04,13:52:21,8.8.8.8
2024-05-04,13:52:21,142.251.143.131
2024-05-04,13:52:21,142.251.143.161
2024-05-04,13:52:21,104.18.43.90
2024-05-04,13:52:21,54.239.38.253
2024-05-04,13:52:21,108.156.2.129
2024-05-04,13:52:21,35.82.141.99
2024-05-04,13:52:21,185.64.190.78
2024-05-04,13:52:21,151.101.2.137
2024-05-04,13:52:21,41.231.245.25
2024-05-04,13:52:21,34.149.40.38
2024-05-04,13:52:21,51.89.9.252
2024-05-04,13:52:21,224.0.0.1
2024-05-04,13:52:21,104.22.54.206
2024-05-04,13:52:21,192.168.1.1
2024-05-04,13:52:21,142.251.143.130
2024-05-04,13:52:21,3.160.218.177
2024-05-04,13:52:21,54.216.152.61
2024-05-04,13:52:21,3.160.212.42
2024-05-04,13:52:21,2.23.18.107
2024-05-04,13:52:21,142.251.209.35
2024-05-04,13:52:21,142.250.105.120
2024-05-04,13:52:21,192.168.1.13
2024-05-04,13:52:21,178.250.7.13
2024-05-04,13:52:21,104.18.10.248
2024-05-04,13:52:21,104.18.22.145
2024-05-04,13:52:21,108.139.243.71
2024-05-04,13:52:21,104.18.38.76
2024-05-04,13:52:21,104.22.53.86
2024-05-04,13:52:21,104.26.9.169
2024-05-04,13:52:21,41.226.16.50
2024-05-04,13:52:21,74.125.128.154
2024-05-04,13:52:25,8.8.8.8
2024-05-04,13:52:25,108.157.194.69
2024-05-04,13:52:25,142.251.143.131
2024-05-04,13:52:25,104.18.43.90
2024-05-04,13:52:25,142.250.180.130
2024-05-04,13:52:25,54.239.38.253
2024-05-04,13:52:25,108.156.2.129
2024-05-04,13:52:25,185.125.190.18
2024-05-04,13:52:25,185.64.190.78
2024-05-04,13:52:25,151.101.2.137
2024-05-04,13:52:25,41.231.245.25
2024-05-04,13:52:25,34.149.40.38
2024-05-04,13:52:25,51.89.9.252
2024-05-04,13:52:25,224.0.0.1
2024-05-04,13:52:25,104.22.54.206
2024-05-04,13:52:25,192.168.1.1
2024-05-04,13:52:25,142.251.143.130
2024-05-04,13:52:25,3.160.218.177
2024-05-04,13:52:25,54.216.152.61
2024-05-04,13:52:25,3.160.212.42
2024-05-04,13:52:25,178.250.7.17
2024-05-04,13:52:25,2.23.18.107
2024-05-04,13:52:25,192.168.1.13
2024-05-04,13:52:25,142.250.105.120
2024-05-04,13:52:25,178.250.7.13
2024-05-04,13:52:25,13.69.239.79
2024-05-04,13:52:25,104.26.9.169
2024-05-04,13:52:25,104.18.22.145
2024-05-04,13:52:25,108.139.243.71
2024-05-04,13:52:25,104.18.38.76
2024-05-04,13:52:25,104.18.10.248
2024-05-04,13:52:25,104.22.53.86
2024-05-04,13:52:25,41.226.16.50
2024-05-04,13:52:25,74.125.128.154
2024-05-04,13:52:25,34.117.188.166
2024-05-04,13:52:25,151.101.1.229
2024-05-04,13:54:22,8.8.8.8
2024-05-04,13:54:22,34.120.208.123
2024-05-04,13:54:22,104.26.9.169
2024-05-04,13:54:22,142.250.180.138
2024-05-04,13:54:22,216.58.204.232
2024-05-04,13:54:22,142.251.143.131
2024-05-04,13:54:22,224.0.0.251
2024-05-04,13:54:22,35.214.149.91
2024-05-04,13:54:22,51.89.9.252
2024-05-04,13:54:22,41.226.16.205
2024-05-04,13:54:22,224.0.0.1
2024-05-04,13:54:22,142.251.143.174
2024-05-04,13:54:22,69.173.144.139
2024-05-04,13:54:22,67.220.226.232
2024-05-04,13:54:22,192.168.1.13
2024-05-04,13:54:22,192.168.1.1
2024-05-04,13:54:47,35.244.159.8
2024-05-04,13:54:47,8.8.8.8
2024-05-04,13:54:47,142.251.143.131
2024-05-04,13:54:47,216.239.34.181
2024-05-04,13:54:47,35.82.141.99
2024-05-04,13:54:47,108.157.194.86
2024-05-04,13:54:47,3.78.168.176
2024-05-04,13:54:47,151.101.2.137
2024-05-04,13:54:47,108.139.243.44
2024-05-04,13:54:47,104.18.11.248
2024-05-04,13:54:47,35.241.34.106
2024-05-04,13:54:47,34.149.40.38
2024-05-04,13:54:47,104.18.36.155
2024-05-04,13:54:47,69.173.144.139
2024-05-04,13:54:47,37.157.4.28
2024-05-04,13:54:47,104.18.34.178
2024-05-04,13:54:47,104.22.54.206
2024-05-04,13:54:47,192.229.133.221
2024-05-04,13:54:47,18.66.195.187
2024-05-04,13:54:47,35.214.149.91
2024-05-04,13:54:47,34.95.69.49
2024-05-04,13:54:47,41.226.16.205
2024-05-04,13:54:47,54.216.152.61
2024-05-04,13:54:47,18.66.197.57
2024-05-04,13:54:47,216.58.205.34
2024-05-04,13:54:47,192.168.1.13
2024-05-04,13:54:47,54.155.195.158
2024-05-04,13:54:47,3.160.212.113
2024-05-04,13:54:47,104.18.10.248
2024-05-04,13:54:47,104.18.22.145
2024-05-04,13:54:47,104.26.9.169
2024-05-04,13:54:47,104.18.38.76
2024-05-04,13:54:47,104.22.53.86
2024-05-04,13:54:47,18.193.33.190
2024-05-04,13:54:47,76.223.111.18
2024-05-04,13:54:47,142.251.143.174
2024-05-04,13:54:47,35.190.10.96
2024-05-04,13:54:47,18.184.210.201
2024-05-04,13:54:47,67.220.226.232
2024-05-04,13:54:47,108.139.243.89
2024-05-04,13:59:05,142.251.143.131
2024-05-04,13:59:05,192.168.1.13
2024-05-04,13:59:05,41.226.49.204
2024-05-04,13:59:05,13.69.239.79
2024-05-04,13:59:05,8.8.8.8
2024-05-04,13:59:32,41.226.49.204
2024-05-04,13:59:32,54.214.192.190
2024-05-04,13:59:32,142.251.143.131
2024-05-04,13:59:32,192.168.1.13
2024-05-04,13:59:32,34.170.65.59
2024-05-04,13:59:32,34.123.33.186
2024-05-04,13:59:32,8.8.8.8
2024-05-04,13:59:33,41.226.49.204
2024-05-04,13:59:33,54.214.192.190
2024-05-04,13:59:33,151.101.2.137
2024-05-04,13:59:33,142.251.143.131
2024-05-04,13:59:33,192.168.1.13
2024-05-04,13:59:33,34.170.65.59
2024-05-04,13:59:33,34.123.33.186
2024-05-04,13:59:33,8.8.8.8
2024-05-04,14:06:42,142.251.143.206
2024-05-04,14:06:42,104.18.10.248
2024-05-04,14:06:42,52.182.143.213
2024-05-04,14:06:42,34.120.208.123
2024-05-04,14:06:42,108.139.243.44
2024-05-04,14:06:42,142.251.209.1
2024-05-04,14:06:42,41.226.49.206
2024-05-04,14:06:42,142.251.143.202
2024-05-04,14:06:42,192.168.1.13
2024-05-04,14:06:42,34.122.156.49
2024-05-04,14:06:42,35.83.40.194
2024-05-04,14:06:42,142.251.209.4
2024-05-04,14:06:42,142.250.180.162
2024-05-04,14:06:42,8.8.8.8
2024-05-04,14:06:42,52.182.143.215
2024-05-04,14:07:16,198.47.127.20
2024-05-04,14:07:16,224.0.0.1
2024-05-04,14:07:16,76.223.111.18
2024-05-04,14:07:16,37.157.2.229
2024-05-04,14:07:16,104.18.38.76
2024-05-04,14:07:16,52.182.143.213
2024-05-04,14:07:16,192.168.1.1
2024-05-04,14:07:16,35.244.159.8
2024-05-04,14:07:16,34.122.156.49
2024-05-04,14:07:16,52.11.145.110
2024-05-04,14:07:16,8.8.8.8
2024-05-04,14:07:16,3.78.168.176
2024-05-04,14:07:16,185.184.8.90
2024-05-04,14:07:16,91.189.91.157
2024-05-04,14:07:16,142.251.143.206
2024-05-04,14:07:16,41.226.49.206
2024-05-04,14:07:16,192.168.1.13
2024-05-04,14:26:26,192.168.1.13
2024-05-04,14:26:26,142.251.143.142
2024-05-04,14:26:26,8.8.8.8
2024-05-04,14:26:26,142.251.143.129
2024-05-04,14:26:26,41.226.49.205
2024-05-04,14:26:26,104.46.162.226
2024-05-04,14:26:36,192.168.1.13
2024-05-04,14:26:36,142.251.143.142
2024-05-04,14:26:36,8.8.8.8
2024-05-04,14:26:36,41.226.49.205
2024-05-04,14:26:36,34.170.65.59
2024-05-04,14:26:36,34.213.73.228
2024-05-04,14:26:36,104.46.162.226
2024-05-04,14:41:05,34.216.245.212
2024-05-04,14:41:05,192.168.1.13
2024-05-04,14:41:05,13.107.246.43
2024-05-04,15:11:54,104.18.32.7
2024-05-04,15:11:54,34.122.156.49
2024-05-04,15:11:54,192.168.1.13
2024-05-04,15:11:54,20.42.73.30
2024-05-04,15:11:54,41.226.16.50
2024-05-04,18:02:08,216.58.204.226
2024-05-04,18:02:08,216.58.205.34
2024-05-04,18:02:08,142.251.209.34
2024-05-04,18:02:08,34.122.156.49
2024-05-04,18:02:08,192.168.1.13
2024-05-04,18:02:18,192.168.1.1
2024-05-04,18:02:18,142.251.209.4
2024-05-04,18:02:18,216.58.204.150
2024-05-04,18:02:18,142.251.143.174
2024-05-04,18:02:18,224.0.0.1
2024-05-04,18:02:18,192.168.1.13
2024-05-04,18:02:18,142.251.143.118
2024-05-04,18:02:18,13.89.179.9
2024-05-04,18:02:18,216.58.205.35
2024-05-04,18:02:28,34.170.65.59
2024-05-04,18:02:28,224.0.0.251
2024-05-04,18:02:28,99.86.159.96
2024-05-04,18:02:28,142.251.143.174
2024-05-04,18:02:28,192.168.1.13
2024-05-04,18:02:28,192.168.1.20
2024-05-04,18:02:28,34.117.188.166
2024-05-04,18:02:28,13.89.179.9
2024-05-04,18:02:38,41.226.16.50
2024-05-04,18:02:38,34.170.65.59
2024-05-04,18:02:38,44.241.49.189
2024-05-04,18:02:38,142.251.143.174
2024-05-04,18:02:38,192.168.1.13
2024-05-04,18:02:38,13.89.179.9
2024-05-04,18:02:55,224.0.0.251
2024-05-04,18:02:55,104.18.32.115
2024-05-04,18:02:55,142.251.143.174
2024-05-04,18:02:55,41.226.49.206
2024-05-04,18:02:55,192.168.1.20
2024-05-04,18:02:55,192.168.1.13
2024-05-04,18:12:57,142.250.180.142
2024-05-04,18:12:57,34.122.156.49
2024-05-04,18:12:57,104.18.32.115
2024-05-04,18:12:57,192.168.1.13
2024-05-04,18:13:07,20.189.173.27
2024-05-04,18:13:07,41.226.16.50
2024-05-04,18:13:07,142.250.180.162
2024-05-04,18:13:07,192.168.1.13
2024-05-04,18:13:15,20.189.173.27
2024-05-04,18:13:15,224.0.0.1
2024-05-04,18:13:15,192.168.1.1
2024-05-04,18:13:15,192.168.1.13
2024-05-04,18:14:08,20.189.173.27
2024-05-04,18:14:08,142.250.180.142
2024-05-04,18:14:08,34.122.156.49
2024-05-04,18:14:08,41.226.16.50
2024-05-04,18:14:08,192.168.1.13
2024-05-04,18:17:49,142.251.209.38
2024-05-04,18:17:49,41.226.16.50
2024-05-04,18:17:49,216.58.205.33
2024-05-04,18:17:49,216.58.205.34
2024-05-04,18:17:49,34.149.100.209
2024-05-04,18:17:49,142.251.209.2
2024-05-04,18:17:49,216.58.204.246
2024-05-04,18:17:49,192.168.1.13
2024-05-04,18:17:49,142.250.180.162
2024-05-04,18:17:49,216.58.204.129
2024-05-04,18:17:49,104.18.32.115
2024-05-04,18:21:30,216.239.36.181
2024-05-04,18:21:30,142.250.180.142
2024-05-04,18:21:30,216.58.204.232
2024-05-04,18:21:30,34.122.156.49
2024-05-04,18:21:30,173.194.76.84
2024-05-04,18:21:30,142.251.209.3
2024-05-04,18:21:30,192.168.1.13
2024-05-04,18:21:30,108.177.127.154
2024-05-04,18:21:30,192.168.1.14
2024-05-04,18:21:30,104.18.40.222
2024-05-04,18:21:30,34.170.65.59
2024-05-04,18:21:30,192.229.221.95
2024-05-04,18:21:30,224.0.0.251
2024-05-04,18:21:30,146.75.56.193
2024-05-04,18:21:30,104.19.177.52
2024-05-04,18:21:30,216.58.209.46
2024-05-04,18:21:30,142.251.209.4
2024-05-04,18:22:30,192.168.1.13
2024-05-04,18:22:30,34.170.65.59
2024-05-04,18:22:30,224.0.0.251
2024-05-04,18:22:30,192.229.221.95
2024-05-04,18:22:30,142.250.180.142
2024-05-04,18:22:30,192.168.1.14
2024-05-04,18:23:35,142.250.180.142
2024-05-04,18:23:35,192.168.1.13
2024-05-04,18:23:35,34.120.208.123
2024-05-04,18:23:35,108.177.127.154
2024-05-04,18:23:35,172.64.155.249
2024-05-04,18:23:35,31.13.69.13
2024-05-04,18:23:35,216.58.204.129
2024-05-04,18:23:35,216.58.209.33
2024-05-04,18:23:35,142.251.209.14
2024-05-04,18:23:35,34.122.156.49
2024-05-04,18:23:35,142.251.209.3
2024-05-04,18:23:35,216.58.205.34
2024-05-04,18:23:35,146.75.56.193
2024-05-04,18:23:35,41.226.16.50
2024-05-04,18:23:35,34.170.65.59
2024-05-04,18:25:43,34.122.156.49
2024-05-04,18:25:43,192.168.1.13
2024-05-04,18:26:56,142.250.180.142
2024-05-04,18:26:56,41.226.16.50
2024-05-04,18:26:56,192.168.1.14
2024-05-04,18:26:56,224.0.0.251
2024-05-04,18:26:56,34.170.65.59
2024-05-04,18:26:56,192.168.1.13
2024-05-04,18:27:30,34.170.65.59
2024-05-04,18:27:30,192.168.1.13
2024-05-04,18:27:30,142.250.180.142
2024-05-04,18:27:30,192.168.1.14
2024-05-04,18:27:30,224.0.0.251
2024-05-04,18:28:11,34.170.65.59
2024-05-04,18:28:11,192.168.1.13
2024-05-04,18:28:11,34.122.156.49
2024-05-04,18:28:11,224.0.0.251
2024-05-04,18:28:11,192.168.1.14
2024-05-04,18:30:22,224.0.0.1
2024-05-04,18:30:22,185.125.190.18
2024-05-04,18:30:22,41.226.16.206
2024-05-04,18:30:22,34.122.156.49
2024-05-04,18:30:22,224.0.0.251
2024-05-04,18:30:22,192.168.1.1
2024-05-04,18:30:22,192.168.1.13
2024-05-04,18:30:22,142.250.180.142
2024-05-04,18:31:18,224.0.0.251
2024-05-04,18:31:18,224.0.0.1
2024-05-04,18:31:18,192.168.1.13
2024-05-04,18:31:18,192.168.1.1
2024-05-04,18:33:40,41.226.49.205
2024-05-04,18:33:40,192.168.1.13
2024-05-04,18:33:40,142.250.180.142
2024-05-04,18:33:40,34.117.188.166
2024-05-04,18:33:40,142.251.209.46
2024-05-04,18:33:40,41.226.16.50
2024-05-04,18:33:50,41.226.49.205
2024-05-04,18:33:50,192.168.1.13
2024-05-04,18:33:50,142.250.180.142
2024-05-04,18:33:50,192.168.1.14
2024-05-04,18:33:50,40.79.167.8
2024-05-04,18:33:50,224.0.0.251
2024-05-04,18:33:50,41.226.16.50
2024-05-04,18:34:01,34.170.65.59
2024-05-04,18:34:01,41.226.49.205
2024-05-04,18:34:01,192.168.1.13
2024-05-04,18:34:01,40.79.167.8
2024-05-04,18:34:01,41.226.16.50
2024-05-04,18:34:01,34.122.156.49
2024-05-04,18:34:04,34.170.65.59
2024-05-04,18:34:04,192.168.1.13
2024-05-04,18:34:04,142.250.180.142
2024-05-04,18:34:04,99.86.159.96
2024-05-04,18:34:04,40.79.167.8
2024-05-04,18:34:04,41.226.16.50
2024-05-04,18:34:04,34.122.156.49
2024-05-04,18:34:05,34.170.65.59
2024-05-04,18:34:05,192.168.1.13
2024-05-04,18:34:05,142.250.180.142
2024-05-04,18:34:05,99.86.159.96
2024-05-04,18:34:05,40.79.167.8
2024-05-04,18:34:05,41.226.16.50
2024-05-04,18:34:05,34.122.156.49
2024-05-04,18:34:05,34.170.65.59
2024-05-04,18:34:05,192.168.1.13
2024-05-04,18:34:05,142.250.180.142
2024-05-04,18:34:05,99.86.159.96
2024-05-04,18:34:05,40.79.167.8
2024-05-04,18:34:05,41.226.16.50
2024-05-04,18:34:05,34.122.156.49
2024-05-04,18:34:05,34.170.65.59
2024-05-04,18:34:05,192.168.1.13
2024-05-04,18:34:05,142.250.180.142
2024-05-04,18:34:05,99.86.159.96
2024-05-04,18:34:05,192.168.1.14
2024-05-04,18:34:05,40.79.167.8
2024-05-04,18:34:05,216.58.204.246
2024-05-04,18:34:05,224.0.0.251
2024-05-04,18:34:05,41.226.16.50
2024-05-04,18:34:05,34.122.156.49
2024-05-04,18:34:05,34.170.65.59
2024-05-04,18:34:05,192.168.1.13
2024-05-04,18:34:05,142.250.180.142
2024-05-04,18:34:05,99.86.159.96
2024-05-04,18:34:05,192.168.1.14
2024-05-04,18:34:05,40.79.167.8
2024-05-04,18:34:05,216.58.204.246
2024-05-04,18:34:05,224.0.0.251
2024-05-04,18:34:05,41.226.16.50
2024-05-04,18:34:05,34.122.156.49
2024-05-04,18:34:11,34.170.65.59
2024-05-04,18:34:11,192.168.1.13
2024-05-04,18:34:11,142.250.180.142
2024-05-04,18:34:11,99.86.159.96
2024-05-04,18:34:11,192.168.1.14
2024-05-04,18:34:11,40.79.167.8
2024-05-04,18:34:11,216.58.204.246
2024-05-04,18:34:11,224.0.0.251
2024-05-04,18:34:14,34.170.65.59
2024-05-04,18:34:14,192.168.1.13
2024-05-04,18:34:14,192.168.1.14
2024-05-04,18:34:14,40.79.167.8
2024-05-04,18:34:14,192.168.1.1
2024-05-04,18:34:14,216.58.204.246
2024-05-04,18:34:14,224.0.0.251
2024-05-04,18:34:14,224.0.0.1
2024-05-04,18:34:15,34.170.65.59
2024-05-04,18:34:15,192.168.1.13
2024-05-04,18:34:15,192.168.1.14
2024-05-04,18:34:15,40.79.167.8
2024-05-04,18:34:15,192.168.1.1
2024-05-04,18:34:15,216.58.204.246
2024-05-04,18:34:15,224.0.0.251
2024-05-04,18:34:15,224.0.0.1
2024-05-04,18:34:15,34.170.65.59
2024-05-04,18:34:15,192.168.1.13
2024-05-04,18:34:15,192.168.1.14
2024-05-04,18:34:15,40.79.167.8
2024-05-04,18:34:15,192.168.1.1
2024-05-04,18:34:15,216.58.204.246
2024-05-04,18:34:15,224.0.0.251
2024-05-04,18:34:15,224.0.0.1
2024-05-04,18:34:15,34.170.65.59
2024-05-04,18:34:15,192.168.1.13
2024-05-04,18:34:15,40.79.167.8
2024-05-04,18:34:15,192.168.1.1
2024-05-04,18:34:15,216.58.204.246
2024-05-04,18:34:15,224.0.0.1
2024-05-04,18:34:16,34.170.65.59
2024-05-04,18:34:16,192.168.1.13
2024-05-04,18:34:16,40.79.167.8
2024-05-04,18:34:16,192.168.1.1
2024-05-04,18:34:16,216.58.204.246
2024-05-04,18:34:16,224.0.0.1
2024-05-04,18:34:21,216.58.204.225
2024-05-04,18:34:21,192.168.1.13
2024-05-04,18:34:21,40.79.167.8
2024-05-04,18:34:21,192.168.1.1
2024-05-04,18:34:21,224.0.0.1
2024-05-04,18:34:21,216.58.204.246
2024-05-04,18:34:24,216.58.204.225
2024-05-04,18:34:24,192.168.1.13
2024-05-04,18:34:24,142.250.180.142
2024-05-04,18:34:24,40.79.167.8
2024-05-04,18:34:24,216.58.204.246
2024-05-04,18:34:24,224.0.0.251
2024-05-04,18:34:24,142.250.180.130
2024-05-04,18:34:25,216.58.204.225
2024-05-04,18:34:25,192.168.1.13
2024-05-04,18:34:25,142.250.180.142
2024-05-04,18:34:25,40.79.167.8
2024-05-04,18:34:25,216.58.204.246
2024-05-04,18:34:25,224.0.0.251
2024-05-04,18:34:25,142.250.180.130
2024-05-04,18:34:25,216.58.204.225
2024-05-04,18:34:25,192.168.1.13
2024-05-04,18:34:25,142.250.180.142
2024-05-04,18:34:25,40.79.167.8
2024-05-04,18:34:25,216.58.204.246
2024-05-04,18:34:25,224.0.0.251
2024-05-04,18:34:25,142.250.180.130
2024-05-04,18:34:25,216.58.204.225
2024-05-04,18:34:25,192.168.1.13
2024-05-04,18:34:25,142.250.180.142
2024-05-04,18:34:25,192.168.1.14
2024-05-04,18:34:25,40.79.167.8
2024-05-04,18:34:25,216.58.204.246
2024-05-04,18:34:25,224.0.0.251
2024-05-04,18:34:25,142.250.180.130
2024-05-04,18:34:26,216.58.204.225
2024-05-04,18:34:26,192.168.1.13
2024-05-04,18:34:26,142.250.180.142
2024-05-04,18:34:26,192.168.1.14
2024-05-04,18:34:26,40.79.167.8
2024-05-04,18:34:26,216.58.204.246
2024-05-04,18:34:26,224.0.0.251
2024-05-04,18:34:26,142.250.180.130
2024-05-04,18:34:31,142.251.209.4
2024-05-04,18:34:31,192.168.1.13
2024-05-04,18:34:31,142.251.209.3
2024-05-04,18:34:31,142.250.180.142
2024-05-04,18:34:31,192.168.1.14
2024-05-04,18:34:31,40.79.167.8
2024-05-04,18:34:31,224.0.0.251
2024-05-04,18:34:31,34.117.188.166
2024-05-04,18:34:31,142.250.180.130
2024-05-04,18:34:34,34.170.65.59
2024-05-04,18:34:34,142.251.209.4
2024-05-04,18:34:34,192.168.1.13
2024-05-04,18:34:34,142.251.209.3
2024-05-04,18:34:34,142.250.180.142
2024-05-04,18:34:34,192.168.1.14
2024-05-04,18:34:34,40.79.167.8
2024-05-04,18:34:34,224.0.0.251
2024-05-04,18:34:34,34.117.188.166
2024-05-04,18:34:34,142.251.209.46
2024-05-04,18:34:34,41.226.16.50
2024-05-04,18:34:34,34.122.156.49
2024-05-04,18:35:19,224.0.0.1
2024-05-04,18:35:19,192.168.1.1
2024-05-04,18:35:19,142.250.180.142
2024-05-04,18:35:19,41.226.16.50
2024-05-04,18:35:19,216.58.204.225
2024-05-04,18:35:19,192.168.1.13
2024-05-04,18:35:19,91.189.91.98
2024-05-04,18:35:19,142.250.180.130
2024-05-04,18:35:19,216.58.204.246
2024-05-04,18:35:19,224.0.0.251
2024-05-04,18:35:29,142.251.209.4
2024-05-04,18:35:29,192.168.1.13
2024-05-04,18:35:29,142.251.209.3
2024-05-04,18:35:29,40.79.167.8
2024-05-04,18:35:39,34.122.156.49
2024-05-04,18:35:39,142.250.180.142
2024-05-04,18:35:39,41.226.16.50
2024-05-04,18:35:39,216.58.204.225
2024-05-04,18:35:39,192.168.1.13
2024-05-04,18:35:39,41.226.16.209
2024-05-04,18:35:39,142.250.180.130
2024-05-04,18:35:39,142.251.209.46
2024-05-04,18:35:39,142.250.180.182
2024-05-04,18:35:39,216.58.204.246
2024-05-04,18:35:39,40.79.167.8
2024-05-04,18:35:41,34.122.156.49
2024-05-04,18:35:41,142.250.180.142
2024-05-04,18:35:41,41.226.16.50
2024-05-04,18:35:41,216.58.204.225
2024-05-04,18:35:41,192.168.1.13
2024-05-04,18:35:41,41.226.16.209
2024-05-04,18:35:41,142.250.180.130
2024-05-04,18:35:41,142.251.209.46
2024-05-04,18:35:41,142.250.180.182
2024-05-04,18:35:41,216.58.204.246
2024-05-04,18:35:41,40.79.167.8
2024-05-04,18:35:41,34.122.156.49
2024-05-04,18:35:41,142.250.180.142
2024-05-04,18:35:41,41.226.16.50
2024-05-04,18:35:41,216.58.204.225
2024-05-04,18:35:41,192.168.1.13
2024-05-04,18:35:41,41.226.16.209
2024-05-04,18:35:41,142.250.180.130
2024-05-04,18:35:41,142.251.209.46
2024-05-04,18:35:41,142.250.180.182
2024-05-04,18:35:41,216.58.204.246
2024-05-04,18:35:41,40.79.167.8
2024-05-04,18:35:41,34.122.156.49
2024-05-04,18:35:41,142.250.180.142
2024-05-04,18:35:41,41.226.16.50
2024-05-04,18:35:41,216.58.204.225
2024-05-04,18:35:41,192.168.1.13
2024-05-04,18:35:41,41.226.16.209
2024-05-04,18:35:41,142.250.180.130
2024-05-04,18:35:41,142.251.209.46
2024-05-04,18:35:41,142.250.180.182
2024-05-04,18:35:41,216.58.204.246
2024-05-04,18:35:41,40.79.167.8
2024-05-04,18:35:41,34.122.156.49
2024-05-04,18:35:41,142.250.180.142
2024-05-04,18:35:41,41.226.16.50
2024-05-04,18:35:41,216.58.204.225
2024-05-04,18:35:41,192.168.1.13
2024-05-04,18:35:41,41.226.16.209
2024-05-04,18:35:41,142.250.180.130
2024-05-04,18:35:41,142.251.209.46
2024-05-04,18:35:41,142.250.180.182
2024-05-04,18:35:41,216.58.204.246
2024-05-04,18:35:41,40.79.167.8
2024-05-04,18:36:02,142.250.180.142
2024-05-04,18:36:02,192.168.1.13
2024-05-04,18:36:02,41.226.16.209
2024-05-04,18:36:22,192.168.1.13
2024-05-04,18:36:22,142.250.180.142
2024-05-04,18:36:22,224.0.0.251
2024-05-04,18:36:22,192.168.1.1
2024-05-04,18:36:22,224.0.0.1
2024-05-04,18:36:22,41.226.16.209
2024-05-04,18:48:10,192.168.1.14
2024-05-04,18:48:10,224.0.0.251
2024-05-04,18:48:10,224.0.0.251
2024-05-04,18:48:10,224.0.0.251
2024-05-04,18:48:10,224.0.0.251
2024-05-04,18:48:10,224.0.0.251
2024-05-04,18:48:10,224.0.0.251
2024-05-04,18:48:10,224.0.0.251
2024-05-04,18:48:10,224.0.0.251
2024-05-04,18:48:10,224.0.0.251
2024-05-04,18:48:10,224.0.0.251
2024-05-04,18:48:10,224.0.0.251
2024-05-04,18:48:10,224.0.0.251
2024-05-04,18:48:10,224.0.0.251
2024-05-04,18:48:10,224.0.0.251
2024-05-04,18:48:10,224.0.0.251
2024-05-04,18:48:10,224.0.0.251
2024-05-04,18:48:10,224.0.0.251
2024-05-04,18:48:10,224.0.0.251
2024-05-04,18:48:10,224.0.0.251
2024-05-04,18:48:10,224.0.0.251
2024-05-04,18:48:10,224.0.0.251
2024-05-04,18:48:10,224.0.0.251
2024-05-04,18:48:10,224.0.0.251
2024-05-04,18:48:10,224.0.0.251
2024-05-04,18:48:10,224.0.0.251
2024-05-04,18:48:10,224.0.0.251
2024-05-04,18:48:10,224.0.0.251
2024-05-04,18:48:10,224.0.0.251
2024-05-04,18:48:10,224.0.0.251
2024-05-04,18:48:10,224.0.0.251
2024-05-04,18:48:10,224.0.0.251
2024-05-04,18:48:10,224.0.0.251
2024-05-04,18:48:10,224.0.0.251
2024-05-04,18:48:10,224.0.0.251
2024-05-04,18:48:10,224.0.0.251
2024-05-04,18:48:10,224.0.0.251
2024-05-04,18:48:10,224.0.0.251
2024-05-04,18:48:10,224.0.0.251
2024-05-04,18:48:10,224.0.0.251
2024-05-04,18:48:10,224.0.0.251
2024-05-04,18:48:10,224.0.0.251
2024-05-04,18:48:10,224.0.0.251
2024-05-04,18:48:10,224.0.0.251
2024-05-04,18:48:10,224.0.0.251
2024-05-04,18:48:10,224.0.0.251
2024-05-04,18:48:10,224.0.0.251
2024-05-04,18:48:10,224.0.0.251
2024-05-04,18:48:10,224.0.0.251
2024-05-04,18:48:10,224.0.0.251
2024-05-04,18:48:10,224.0.0.251
2024-05-04,18:48:10,224.0.0.251
2024-05-04,18:48:10,224.0.0.251
2024-05-04,18:48:10,224.0.0.251
2024-05-04,18:48:10,224.0.0.251
2024-05-04,18:48:10,224.0.0.251
2024-05-04,18:48:10,224.0.0.251
2024-05-04,18:48:10,224.0.0.251
2024-05-04,18:48:10,224.0.0.251
2024-05-04,18:48:10,224.0.0.251
2024-05-04,18:48:10,224.0.0.251
2024-05-04,18:48:10,224.0.0.251
2024-05-04,18:48:10,224.0.0.251
2024-05-04,18:48:10,224.0.0.251
2024-05-04,18:48:10,224.0.0.251
2024-05-04,18:48:10,224.0.0.251
2024-05-04,18:48:10,224.0.0.251
2024-05-04,18:48:10,224.0.0.251
2024-05-04,18:48:10,224.0.0.251
2024-05-04,18:48:10,224.0.0.251
2024-05-04,18:48:10,224.0.0.251
2024-05-04,18:48:10,224.0.0.251
2024-05-04,18:48:10,224.0.0.251
2024-05-04,18:48:10,224.0.0.251
2024-05-04,18:48:10,224.0.0.251
2024-05-04,18:48:10,224.0.0.251
2024-05-04,18:48:10,224.0.0.251
2024-05-04,18:48:10,224.0.0.251
2024-05-04,18:48:10,224.0.0.251
2024-05-04,18:48:10,224.0.0.251
2024-05-04,18:48:10,224.0.0.251
2024-05-04,18:48:10,224.0.0.251
2024-05-04,18:48:10,224.0.0.251
2024-05-04,18:48:10,224.0.0.251
2024-05-04,18:48:10,224.0.0.251
2024-05-04,18:48:10,224.0.0.251
2024-05-04,18:48:10,224.0.0.251
2024-05-04,18:48:10,224.0.0.251
2024-05-04,18:48:10,224.0.0.251
2024-05-04,18:48:10,224.0.0.251
2024-05-04,18:48:10,224.0.0.251
2024-05-04,18:48:10,224.0.0.251
2024-05-04,18:48:10,224.0.0.251
2024-05-04,18:48:10,224.0.0.251
2024-05-04,18:48:10,224.0.0.251
2024-05-04,18:48:10,224.0.0.251
2024-05-04,18:48:10,224.0.0.251
2024-05-04,18:48:10,224.0.0.251
2024-05-04,18:48:10,224.0.0.251
2024-05-04,18:48:10,224.0.0.251
2024-05-04,18:48:10,224.0.0.251
2024-05-04,18:48:10,224.0.0.251
2024-05-04,18:48:10,224.0.0.251
2024-05-04,18:48:10,224.0.0.251
2024-05-04,18:48:10,224.0.0.251
2024-05-04,18:48:10,224.0.0.251
2024-05-04,18:48:10,224.0.0.251
2024-05-04,18:48:10,224.0.0.251
2024-05-04,18:48:10,224.0.0.251
2024-05-04,18:48:10,224.0.0.251
2024-05-04,18:48:10,224.0.0.251
2024-05-04,18:48:10,224.0.0.251
2024-05-04,18:48:10,224.0.0.251
2024-05-04,18:48:10,224.0.0.251
2024-05-04,18:48:10,224.0.0.251
2024-05-04,18:48:10,224.0.0.251
2024-05-04,18:48:10,224.0.0.251
2024-05-04,18:48:10,224.0.0.251
2024-05-04,18:48:10,224.0.0.251
2024-05-04,18:48:10,224.0.0.251
2024-05-04,18:48:10,224.0.0.251
2024-05-04,18:48:10,224.0.0.251
2024-05-04,18:48:10,224.0.0.251
2024-05-04,18:48:10,224.0.0.251
2024-05-04,18:48:10,224.0.0.251
2024-05-04,18:48:10,224.0.0.251
2024-05-04,18:48:10,224.0.0.251
2024-05-04,18:48:10,224.0.0.251
2024-05-04,18:48:10,224.0.0.251
2024-05-04,18:48:10,224.0.0.251
2024-05-04,18:48:10,224.0.0.251
2024-05-04,18:48:10,224.0.0.251
2024-05-04,18:48:10,224.0.0.251
2024-05-04,18:48:10,224.0.0.251
2024-05-04,18:48:10,224.0.0.251
2024-05-04,18:48:10,224.0.0.251
2024-05-04,18:48:10,224.0.0.251
2024-05-04,18:48:10,224.0.0.251
2024-05-04,18:48:10,224.0.0.251
2024-05-04,18:48:10,224.0.0.251
2024-05-04,18:48:10,224.0.0.251
2024-05-04,18:48:10,224.0.0.251
2024-05-04,18:48:10,224.0.0.251
2024-05-04,18:48:10,224.0.0.251
2024-05-04,18:48:10,224.0.0.251
2024-05-04,18:48:10,224.0.0.251
2024-05-04,18:48:10,224.0.0.251
2024-05-04,18:48:10,224.0.0.251
2024-05-04,18:48:10,224.0.0.251
2024-05-04,18:48:10,224.0.0.251
2024-05-04,18:48:10,224.0.0.251
2024-05-04,18:48:10,224.0.0.251
2024-05-04,18:48:10,224.0.0.251
2024-05-04,18:48:10,224.0.0.251
2024-05-04,18:48:10,224.0.0.251
2024-05-04,18:48:10,224.0.0.251
2024-05-04,18:48:10,224.0.0.251
2024-05-04,18:48:10,224.0.0.251
2024-05-04,18:48:10,224.0.0.251
2024-05-04,18:48:10,224.0.0.251
2024-05-04,18:48:10,224.0.0.251
2024-05-04,18:48:10,224.0.0.251
2024-05-04,18:48:10,224.0.0.251
2024-05-04,18:48:10,224.0.0.251
2024-05-04,18:48:10,224.0.0.251
2024-05-04,18:48:10,224.0.0.251
2024-05-04,18:48:10,224.0.0.251
2024-05-04,18:48:10,224.0.0.251
2024-05-04,18:48:10,224.0.0.251
2024-05-04,18:48:10,224.0.0.251
2024-05-04,18:48:10,224.0.0.251
2024-05-04,18:48:10,224.0.0.251
2024-05-04,18:48:10,224.0.0.251
2024-05-04,18:48:10,224.0.0.251
2024-05-04,18:48:10,224.0.0.251
2024-05-04,18:48:10,224.0.0.251
2024-05-04,18:48:10,224.0.0.251
2024-05-04,18:48:10,224.0.0.251
2024-05-04,18:48:10,224.0.0.251
2024-05-04,18:48:10,224.0.0.251
2024-05-04,18:48:10,224.0.0.251
2024-05-04,18:48:10,224.0.0.251
2024-05-04,18:48:10,224.0.0.251
2024-05-04,18:48:10,224.0.0.251
2024-05-04,18:48:10,224.0.0.251
2024-05-04,18:48:10,224.0.0.251
2024-05-04,18:48:10,224.0.0.251
2024-05-04,18:48:10,224.0.0.251
2024-05-04,18:48:10,224.0.0.251
2024-05-04,18:48:10,224.0.0.251
2024-05-04,18:48:10,224.0.0.251
2024-05-04,18:48:10,224.0.0.251
2024-05-04,18:48:10,224.0.0.251
2024-05-04,18:48:10,224.0.0.251
2024-05-04,18:48:10,224.0.0.251
2024-05-04,18:48:10,224.0.0.251
2024-05-04,18:48:10,224.0.0.251
2024-05-04,18:48:10,224.0.0.251
2024-05-04,18:48:10,224.0.0.251
2024-05-04,18:48:10,224.0.0.251
2024-05-04,18:48:10,224.0.0.251
2024-05-04,18:48:10,224.0.0.251
2024-05-04,18:48:10,224.0.0.251
2024-05-04,18:48:10,224.0.0.251
2024-05-04,18:48:10,224.0.0.251
2024-05-04,18:48:10,224.0.0.251
2024-05-04,18:48:10,224.0.0.251
2024-05-04,18:48:10,224.0.0.251
2024-05-04,18:48:10,224.0.0.251
2024-05-04,18:48:10,224.0.0.251
2024-05-04,18:48:10,224.0.0.251
2024-05-04,18:48:10,224.0.0.251
2024-05-04,18:48:10,224.0.0.251
2024-05-04,18:48:10,224.0.0.251
2024-05-04,18:48:10,224.0.0.251
2024-05-04,18:48:10,224.0.0.251
2024-05-04,18:48:10,224.0.0.251
2024-05-04,18:48:10,224.0.0.251
2024-05-04,18:48:10,224.0.0.251
2024-05-04,18:48:10,224.0.0.251
2024-05-04,18:48:10,224.0.0.251
2024-05-04,18:48:10,224.0.0.251
2024-05-04,18:48:10,224.0.0.251
2024-05-04,18:48:10,224.0.0.251
2024-05-04,18:48:10,224.0.0.251
2024-05-04,18:48:10,224.0.0.251
2024-05-04,18:48:10,224.0.0.251
2024-05-04,18:48:10,224.0.0.251
2024-05-04,18:48:10,224.0.0.251
2024-05-04,18:48:10,224.0.0.251
2024-05-04,18:48:10,224.0.0.251
2024-05-04,18:48:10,224.0.0.251
2024-05-04,18:48:10,224.0.0.251
2024-05-04,18:48:10,224.0.0.251
2024-05-04,18:48:10,224.0.0.251
2024-05-04,18:48:10,224.0.0.251
2024-05-04,18:48:10,224.0.0.251
2024-05-04,18:48:10,224.0.0.251
2024-05-04,18:48:10,224.0.0.251
2024-05-04,18:48:10,224.0.0.251
2024-05-04,18:48:10,224.0.0.251
2024-05-04,18:48:10,224.0.0.251
2024-05-04,18:48:10,224.0.0.251
2024-05-04,18:48:10,224.0.0.251
2024-05-04,18:48:10,224.0.0.251
2024-05-04,18:48:10,224.0.0.251
2024-05-04,18:48:10,224.0.0.251
2024-05-04,18:48:10,224.0.0.251
2024-05-04,18:48:10,224.0.0.251
2024-05-04,18:48:10,224.0.0.251
2024-05-04,18:48:10,224.0.0.251
2024-05-04,18:48:10,224.0.0.251
2024-05-04,18:48:10,224.0.0.251
2024-05-04,18:48:10,224.0.0.251
2024-05-04,18:48:10,224.0.0.251
2024-05-04,18:48:10,224.0.0.251
2024-05-04,18:48:10,224.0.0.251
2024-05-04,18:48:10,224.0.0.251
2024-05-04,18:48:10,224.0.0.251
2024-05-04,18:48:10,224.0.0.251
2024-05-04,18:48:10,224.0.0.251
2024-05-04,18:48:10,224.0.0.251
2024-05-04,18:48:10,224.0.0.251
2024-05-04,18:48:10,224.0.0.251
2024-05-04,18:48:10,224.0.0.251
2024-05-04,18:48:10,224.0.0.251
2024-05-04,18:48:10,224.0.0.251
2024-05-04,18:48:10,224.0.0.251
2024-05-04,18:48:10,224.0.0.251
2024-05-04,18:48:10,224.0.0.251
2024-05-04,18:48:10,224.0.0.251
2024-05-04,18:48:10,224.0.0.251
2024-05-04,18:48:10,224.0.0.251
2024-05-04,18:48:10,224.0.0.251
2024-05-04,18:48:10,224.0.0.251
2024-05-04,18:48:10,224.0.0.251
2024-05-04,18:48:10,224.0.0.251
2024-05-04,18:48:10,224.0.0.251
2024-05-04,18:48:10,224.0.0.251
2024-05-04,18:48:10,224.0.0.251
2024-05-04,18:48:10,224.0.0.251
2024-05-04,18:48:10,224.0.0.251
2024-05-04,18:48:10,224.0.0.251
2024-05-04,18:48:10,224.0.0.251
2024-05-04,18:48:10,224.0.0.251
2024-05-04,18:48:10,224.0.0.251
2024-05-04,18:48:10,224.0.0.251
2024-05-04,18:48:10,224.0.0.251
2024-05-04,18:48:10,224.0.0.251
2024-05-04,18:48:10,224.0.0.251
2024-05-04,18:48:10,224.0.0.251
2024-05-04,18:48:10,224.0.0.251
2024-05-04,18:48:10,224.0.0.251
2024-05-04,18:48:10,224.0.0.251
2024-05-04,18:48:10,224.0.0.251
2024-05-04,18:48:10,224.0.0.251
2024-05-04,18:48:10,224.0.0.251
2024-05-04,18:48:10,224.0.0.251
2024-05-04,18:48:10,224.0.0.251
2024-05-04,18:48:10,224.0.0.251
2024-05-04,18:48:10,224.0.0.251
2024-05-04,18:48:10,224.0.0.251
2024-05-04,18:48:10,224.0.0.251
2024-05-04,18:48:10,224.0.0.251
2024-05-04,18:48:10,224.0.0.251
2024-05-04,18:48:10,224.0.0.251
2024-05-04,18:48:10,224.0.0.251
2024-05-04,18:48:10,224.0.0.251
2024-05-04,18:48:10,224.0.0.251
2024-05-04,18:48:10,224.0.0.251
2024-05-04,18:48:10,224.0.0.251
2024-05-04,18:48:10,224.0.0.251
2024-05-04,18:48:10,224.0.0.251
2024-05-04,18:48:10,224.0.0.251
2024-05-04,18:48:10,224.0.0.251
2024-05-04,18:48:10,224.0.0.251
2024-05-04,18:48:10,224.0.0.251
2024-05-04,18:48:10,224.0.0.251
2024-05-04,18:48:10,224.0.0.251
2024-05-04,18:48:10,224.0.0.251
2024-05-04,18:48:10,224.0.0.251
2024-05-04,18:48:10,224.0.0.251
2024-05-04,18:48:10,224.0.0.251
2024-05-04,18:48:10,224.0.0.251
2024-05-04,18:48:10,224.0.0.251
2024-05-04,18:48:10,224.0.0.251
2024-05-04,18:48:10,224.0.0.251
2024-05-04,18:48:10,224.0.0.251
2024-05-04,18:48:10,224.0.0.251
2024-05-04,18:48:10,224.0.0.251
2024-05-04,18:48:10,224.0.0.251
2024-05-04,18:48:10,224.0.0.251
2024-05-04,18:48:10,224.0.0.251
2024-05-04,18:48:10,224.0.0.251
2024-05-04,18:48:10,224.0.0.251
2024-05-04,18:48:10,224.0.0.251
2024-05-04,18:48:10,224.0.0.251
2024-05-04,18:48:10,224.0.0.251
2024-05-04,18:48:10,224.0.0.251
2024-05-04,18:48:10,224.0.0.251
2024-05-04,18:48:10,224.0.0.251
2024-05-04,18:48:10,224.0.0.251
2024-05-04,18:48:10,224.0.0.251
2024-05-04,18:48:10,224.0.0.251
2024-05-04,18:48:10,224.0.0.251
2024-05-04,18:48:10,224.0.0.251
2024-05-04,18:48:10,224.0.0.251
2024-05-04,18:48:10,224.0.0.251
2024-05-04,18:48:10,224.0.0.251
2024-05-04,18:48:10,224.0.0.251
2024-05-04,18:48:10,224.0.0.251
2024-05-04,18:48:10,224.0.0.251
2024-05-04,18:48:10,224.0.0.251
2024-05-04,18:48:10,224.0.0.251
2024-05-04,18:48:10,224.0.0.251
2024-05-04,18:48:10,224.0.0.251
2024-05-04,18:48:10,224.0.0.251
2024-05-04,18:48:10,224.0.0.251
2024-05-04,18:48:10,224.0.0.251
2024-05-04,18:48:10,224.0.0.251
2024-05-04,18:48:10,224.0.0.251
2024-05-04,18:48:10,224.0.0.251
2024-05-04,18:48:10,224.0.0.251
2024-05-04,18:48:10,224.0.0.251
2024-05-04,18:48:10,224.0.0.251
2024-05-04,18:48:10,224.0.0.251
2024-05-04,18:48:10,224.0.0.251
2024-05-04,18:48:10,224.0.0.251
2024-05-04,18:48:10,224.0.0.251
2024-05-04,18:48:10,224.0.0.251
2024-05-04,18:48:10,224.0.0.251
2024-05-04,18:48:10,224.0.0.251
2024-05-04,18:48:10,224.0.0.251
2024-05-04,18:48:10,224.0.0.251
2024-05-04,18:48:10,224.0.0.251
2024-05-04,18:48:10,224.0.0.251
2024-05-04,18:48:10,224.0.0.251
2024-05-04,18:48:10,224.0.0.251
2024-05-04,18:48:10,224.0.0.251
2024-05-04,18:48:10,224.0.0.251
2024-05-04,18:48:10,224.0.0.251
2024-05-04,18:48:10,224.0.0.251
2024-05-04,18:48:10,224.0.0.251
2024-05-04,18:48:10,224.0.0.251
2024-05-04,18:48:10,224.0.0.251
2024-05-04,18:48:10,224.0.0.251
2024-05-04,18:48:10,224.0.0.251
2024-05-04,18:48:10,224.0.0.251
2024-05-04,18:48:10,224.0.0.251
2024-05-04,18:48:10,224.0.0.251
2024-05-04,18:48:10,224.0.0.251
2024-05-04,18:48:10,224.0.0.251
2024-05-04,18:48:10,224.0.0.251
2024-05-04,18:48:10,224.0.0.251
2024-05-04,18:48:10,224.0.0.251
2024-05-04,18:48:10,224.0.0.251
2024-05-04,18:48:10,224.0.0.251
2024-05-04,18:48:10,224.0.0.251
2024-05-04,18:48:10,224.0.0.251
2024-05-04,18:48:10,224.0.0.251
2024-05-04,18:48:10,224.0.0.251
2024-05-04,18:48:10,224.0.0.251
2024-05-04,18:48:10,224.0.0.251
2024-05-04,18:48:10,224.0.0.251
2024-05-04,18:48:10,224.0.0.251
2024-05-04,18:48:10,224.0.0.251
2024-05-04,18:48:10,224.0.0.251
2024-05-04,18:48:10,224.0.0.251
2024-05-04,18:48:10,224.0.0.251
2024-05-04,18:48:10,224.0.0.251
2024-05-04,18:48:10,224.0.0.251
2024-05-04,18:48:10,224.0.0.251
2024-05-04,18:48:10,224.0.0.251
2024-05-04,18:48:10,224.0.0.251
2024-05-04,18:48:10,224.0.0.251
2024-05-04,18:48:10,224.0.0.251
2024-05-04,18:48:10,224.0.0.251
2024-05-04,18:48:10,224.0.0.251
2024-05-04,18:48:10,224.0.0.251
2024-05-04,18:48:10,224.0.0.251
2024-05-04,18:48:10,224.0.0.251
2024-05-04,18:48:10,224.0.0.251
2024-05-04,18:48:10,224.0.0.251
2024-05-04,18:48:10,224.0.0.251
2024-05-04,18:48:10,224.0.0.251
2024-05-04,18:48:10,224.0.0.251
2024-05-04,18:48:10,224.0.0.251
2024-05-04,18:48:10,224.0.0.251
2024-05-04,18:48:10,224.0.0.251
2024-05-04,18:48:10,224.0.0.251
2024-05-04,18:48:10,224.0.0.251
2024-05-04,18:48:10,224.0.0.251
2024-05-04,18:48:10,224.0.0.251
2024-05-04,18:48:10,224.0.0.251
2024-05-04,18:48:10,224.0.0.251
2024-05-04,18:48:10,224.0.0.251
2024-05-04,18:48:10,224.0.0.251
2024-05-04,18:48:10,224.0.0.251
2024-05-04,18:48:10,224.0.0.251
2024-05-04,18:48:10,224.0.0.251
2024-05-04,18:48:10,224.0.0.251
2024-05-04,18:48:10,224.0.0.251
2024-05-04,18:48:10,224.0.0.251
2024-05-04,18:48:10,224.0.0.251
2024-05-04,18:48:10,224.0.0.251
2024-05-04,18:48:10,224.0.0.251
2024-05-04,18:48:10,224.0.0.251
2024-05-04,18:48:10,224.0.0.251
2024-05-04,18:48:10,224.0.0.251
2024-05-04,18:48:10,224.0.0.251
2024-05-04,18:48:10,224.0.0.251
2024-05-04,18:48:10,224.0.0.251
2024-05-04,18:48:10,224.0.0.251
2024-05-04,18:48:10,224.0.0.251
2024-05-04,18:48:10,224.0.0.251
2024-05-04,18:48:10,224.0.0.251
2024-05-04,18:48:10,224.0.0.251
2024-05-04,18:48:10,224.0.0.251
2024-05-04,18:48:10,224.0.0.251
2024-05-04,18:48:10,224.0.0.251
2024-05-04,18:48:10,224.0.0.251
2024-05-04,18:48:10,224.0.0.251
2024-05-04,18:48:10,224.0.0.251
2024-05-04,18:48:10,224.0.0.251
2024-05-04,18:48:10,224.0.0.251
2024-05-04,18:48:10,224.0.0.251
2024-05-04,18:48:10,224.0.0.251
2024-05-04,18:48:10,224.0.0.251
2024-05-04,18:48:10,224.0.0.251
2024-05-04,18:48:10,224.0.0.251
2024-05-04,18:48:10,224.0.0.251
2024-05-04,18:48:10,224.0.0.251
2024-05-04,18:48:10,224.0.0.251
2024-05-04,18:48:10,224.0.0.251
2024-05-04,18:48:10,224.0.0.251
2024-05-04,18:48:10,224.0.0.251
2024-05-04,18:48:10,224.0.0.251
2024-05-04,18:48:10,224.0.0.251
2024-05-04,18:48:10,224.0.0.251
2024-05-04,18:48:10,224.0.0.251
2024-05-04,18:48:10,224.0.0.251
2024-05-04,18:48:10,224.0.0.251
2024-05-04,18:48:10,224.0.0.251
2024-05-04,18:48:10,224.0.0.251
2024-05-04,18:48:10,224.0.0.251
2024-05-04,18:48:10,224.0.0.251
2024-05-04,18:48:10,224.0.0.251
2024-05-04,18:48:10,224.0.0.251
2024-05-04,18:48:10,224.0.0.251
2024-05-04,18:48:10,224.0.0.251
2024-05-04,18:48:10,224.0.0.251
2024-05-04,18:48:10,224.0.0.251
2024-05-04,18:48:10,224.0.0.251
2024-05-04,18:48:10,224.0.0.251
2024-05-04,18:48:10,224.0.0.251
2024-05-04,18:48:10,224.0.0.251
2024-05-04,18:48:10,224.0.0.251
2024-05-04,18:48:10,224.0.0.251
2024-05-04,18:48:10,224.0.0.251
2024-05-04,18:48:10,224.0.0.251
2024-05-04,18:48:10,224.0.0.251
2024-05-04,18:48:10,224.0.0.251
2024-05-04,18:48:10,224.0.0.251
2024-05-04,18:48:10,224.0.0.251
2024-05-04,18:48:10,224.0.0.251
2024-05-04,18:48:10,224.0.0.251
2024-05-04,18:48:10,224.0.0.251
2024-05-04,18:48:10,224.0.0.251
2024-05-04,18:48:10,224.0.0.251
2024-05-04,18:48:10,224.0.0.251
2024-05-04,18:48:10,224.0.0.251
2024-05-04,18:48:10,224.0.0.251
2024-05-04,18:48:10,224.0.0.251
2024-05-04,18:48:10,224.0.0.251
2024-05-04,18:48:10,224.0.0.251
2024-05-04,18:48:10,224.0.0.251
2024-05-04,18:48:10,224.0.0.251
2024-05-04,18:48:10,224.0.0.251
2024-05-04,18:48:10,224.0.0.251
2024-05-04,18:48:10,224.0.0.251
2024-05-04,18:48:10,224.0.0.251
2024-05-04,18:48:10,224.0.0.251
2024-05-04,18:48:10,224.0.0.251
2024-05-04,18:48:10,224.0.0.251
2024-05-04,18:48:10,224.0.0.251
2024-05-04,18:48:10,224.0.0.251
2024-05-04,18:48:10,224.0.0.251
2024-05-04,18:48:10,224.0.0.251
2024-05-04,18:48:10,224.0.0.251
2024-05-04,18:48:10,224.0.0.251
2024-05-04,18:48:10,224.0.0.251
2024-05-04,18:48:10,224.0.0.251
2024-05-04,18:48:10,224.0.0.251
2024-05-04,18:48:10,224.0.0.251
2024-05-04,18:48:10,224.0.0.251
2024-05-04,18:48:10,224.0.0.251
2024-05-04,18:48:10,224.0.0.251
2024-05-04,18:48:10,224.0.0.251
2024-05-04,18:48:10,224.0.0.251
2024-05-04,18:48:10,224.0.0.251
2024-05-04,18:48:10,224.0.0.251
2024-05-04,18:48:10,224.0.0.251
2024-05-04,18:48:10,224.0.0.251
2024-05-04,18:48:10,224.0.0.251
2024-05-04,18:48:10,224.0.0.251
2024-05-04,18:48:10,224.0.0.251
2024-05-04,18:48:10,224.0.0.251
2024-05-04,18:48:10,224.0.0.251
2024-05-04,18:48:10,224.0.0.251
2024-05-04,18:48:10,224.0.0.251
2024-05-04,18:48:10,224.0.0.251
2024-05-04,18:48:10,224.0.0.251
2024-05-04,18:48:10,224.0.0.251
2024-05-04,18:48:10,224.0.0.251
2024-05-04,18:48:10,224.0.0.251
2024-05-04,18:48:10,224.0.0.251
2024-05-04,18:48:10,224.0.0.251
2024-05-04,18:48:10,224.0.0.251
2024-05-04,18:48:10,224.0.0.251
2024-05-04,18:48:10,224.0.0.251
2024-05-04,18:48:10,224.0.0.251
2024-05-04,18:48:10,224.0.0.251
2024-05-04,18:48:10,224.0.0.251
2024-05-04,18:48:10,224.0.0.251
2024-05-04,18:48:10,224.0.0.251
2024-05-04,18:48:10,224.0.0.251
2024-05-04,18:48:10,224.0.0.251
2024-05-04,18:48:10,224.0.0.251
2024-05-04,18:48:10,224.0.0.251
2024-05-04,18:48:10,224.0.0.251
2024-05-04,18:48:10,224.0.0.251
2024-05-04,18:48:10,224.0.0.251
2024-05-04,18:48:10,224.0.0.251
2024-05-04,18:48:10,224.0.0.251
2024-05-04,18:48:10,224.0.0.251
2024-05-04,18:48:10,224.0.0.251
2024-05-04,18:48:10,224.0.0.251
2024-05-04,18:48:10,224.0.0.251
2024-05-04,18:48:10,224.0.0.251
2024-05-04,18:48:10,224.0.0.251
2024-05-04,18:48:10,224.0.0.251
2024-05-04,18:48:10,224.0.0.251
2024-05-04,18:48:10,224.0.0.251
2024-05-04,18:48:10,224.0.0.251
2024-05-04,18:48:10,224.0.0.251
2024-05-04,18:48:10,224.0.0.251
2024-05-04,18:48:10,224.0.0.251
2024-05-04,18:48:10,224.0.0.251
2024-05-04,18:48:10,224.0.0.251
2024-05-04,18:48:10,224.0.0.251
2024-05-04,18:48:10,224.0.0.251
2024-05-04,18:48:10,224.0.0.251
2024-05-04,18:48:10,224.0.0.251
2024-05-04,18:48:10,224.0.0.251
2024-05-04,18:48:10,224.0.0.251
2024-05-04,18:48:10,224.0.0.251
2024-05-04,18:48:10,224.0.0.251
2024-05-04,18:48:10,224.0.0.251
2024-05-04,18:48:10,224.0.0.251
2024-05-04,18:48:10,224.0.0.251
2024-05-04,18:48:10,224.0.0.251
2024-05-04,18:48:10,224.0.0.251
2024-05-04,18:48:10,224.0.0.251
2024-05-04,18:48:10,224.0.0.251
2024-05-04,18:48:10,224.0.0.251
2024-05-04,18:48:10,224.0.0.251
2024-05-04,18:48:10,224.0.0.251
2024-05-04,18:48:10,224.0.0.251
2024-05-04,18:48:10,224.0.0.251
2024-05-04,18:48:10,224.0.0.251
2024-05-04,18:48:10,224.0.0.251
2024-05-04,18:48:10,224.0.0.251
2024-05-04,18:48:10,224.0.0.251
2024-05-04,18:48:10,224.0.0.251
2024-05-04,18:48:10,224.0.0.251
2024-05-04,18:48:10,224.0.0.251
2024-05-04,18:48:10,224.0.0.251
2024-05-04,18:48:10,224.0.0.251
2024-05-04,18:48:10,224.0.0.251
2024-05-04,18:48:10,224.0.0.251
2024-05-04,18:48:10,224.0.0.251
2024-05-04,18:48:10,224.0.0.251
2024-05-04,18:48:10,224.0.0.251
2024-05-04,18:48:10,224.0.0.251
2024-05-04,18:48:10,224.0.0.251
2024-05-04,18:48:10,224.0.0.251
2024-05-04,18:48:10,224.0.0.251
2024-05-04,18:48:10,224.0.0.251
2024-05-04,18:48:10,224.0.0.251
2024-05-04,18:48:10,224.0.0.251
2024-05-04,18:48:10,224.0.0.251
2024-05-04,18:48:10,224.0.0.251
2024-05-04,18:48:10,224.0.0.251
2024-05-04,18:48:10,224.0.0.251
2024-05-04,18:48:10,224.0.0.251
2024-05-04,18:48:10,224.0.0.251
2024-05-04,18:48:10,224.0.0.251
2024-05-04,18:48:10,224.0.0.251
2024-05-04,18:48:10,224.0.0.251
2024-05-04,18:48:10,224.0.0.251
2024-05-04,18:48:10,224.0.0.251
2024-05-04,18:48:10,224.0.0.251
2024-05-04,18:48:10,224.0.0.251
2024-05-04,18:48:10,224.0.0.251
2024-05-04,18:48:10,224.0.0.251
2024-05-04,18:48:10,224.0.0.251
2024-05-04,18:48:10,224.0.0.251
2024-05-04,18:48:10,224.0.0.251
2024-05-04,18:48:10,224.0.0.251
2024-05-04,18:48:10,224.0.0.251
2024-05-04,18:48:10,224.0.0.251
2024-05-04,18:48:10,224.0.0.251
2024-05-04,18:48:10,224.0.0.251
2024-05-04,18:48:10,224.0.0.251
2024-05-04,18:48:10,224.0.0.251
2024-05-04,18:48:10,224.0.0.251
2024-05-04,18:48:10,224.0.0.251
2024-05-04,18:48:10,224.0.0.251
2024-05-04,18:48:10,224.0.0.251
2024-05-04,18:48:10,224.0.0.251
2024-05-04,18:48:10,224.0.0.251
2024-05-04,18:48:10,224.0.0.251
2024-05-04,18:48:10,224.0.0.251
2024-05-04,18:48:10,224.0.0.251
2024-05-04,18:48:10,224.0.0.251
2024-05-04,18:48:10,224.0.0.251
2024-05-04,18:48:10,224.0.0.251
2024-05-04,18:48:10,224.0.0.251
2024-05-04,18:48:10,224.0.0.251
2024-05-04,18:48:10,224.0.0.251
2024-05-04,18:48:10,224.0.0.251
2024-05-04,18:48:10,224.0.0.251
2024-05-04,18:48:10,224.0.0.251
2024-05-04,18:48:10,224.0.0.251
2024-05-04,18:48:10,224.0.0.251
2024-05-04,18:48:10,224.0.0.251
2024-05-04,18:48:10,224.0.0.251
2024-05-04,18:48:10,224.0.0.251
2024-05-04,18:48:10,224.0.0.251
2024-05-04,18:48:10,224.0.0.251
2024-05-04,18:48:10,224.0.0.251
2024-05-04,18:48:10,224.0.0.251
2024-05-04,18:48:10,224.0.0.251
2024-05-04,18:48:10,224.0.0.251
2024-05-04,18:48:10,224.0.0.251
2024-05-04,18:48:10,224.0.0.251
2024-05-04,18:48:10,224.0.0.251
2024-05-04,18:48:10,224.0.0.251
2024-05-04,18:48:10,224.0.0.251
2024-05-04,18:48:10,224.0.0.251
2024-05-04,18:48:10,224.0.0.251
2024-05-04,18:48:10,224.0.0.251
2024-05-04,18:48:10,224.0.0.251
2024-05-04,18:48:10,224.0.0.251
2024-05-04,18:48:10,224.0.0.251
2024-05-04,18:48:10,224.0.0.251
2024-05-04,18:48:10,224.0.0.251
2024-05-04,18:48:10,224.0.0.251
2024-05-04,18:48:10,224.0.0.251
2024-05-04,18:48:10,224.0.0.251
2024-05-04,18:48:10,224.0.0.251
2024-05-04,18:48:10,224.0.0.251
2024-05-04,18:48:10,224.0.0.251
2024-05-04,18:48:10,224.0.0.251
2024-05-04,18:48:10,224.0.0.251
2024-05-04,18:48:10,224.0.0.251
2024-05-04,18:48:10,224.0.0.251
2024-05-04,18:48:10,224.0.0.251
2024-05-04,18:48:10,224.0.0.251
2024-05-04,18:48:10,224.0.0.251
2024-05-04,18:48:10,224.0.0.251
2024-05-04,18:48:10,224.0.0.251
2024-05-04,18:48:10,224.0.0.251
2024-05-04,18:48:10,224.0.0.251
2024-05-04,18:48:10,224.0.0.251
2024-05-04,18:48:10,224.0.0.251
2024-05-04,18:48:10,224.0.0.251
2024-05-04,18:48:10,224.0.0.251
2024-05-04,18:48:10,224.0.0.251
2024-05-04,18:48:10,224.0.0.251
2024-05-04,18:48:10,224.0.0.251
2024-05-04,18:48:10,224.0.0.251
2024-05-04,18:48:10,224.0.0.251
2024-05-04,18:48:10,224.0.0.251
2024-05-04,18:48:10,224.0.0.251
2024-05-04,18:48:10,224.0.0.251
2024-05-04,18:48:10,224.0.0.251
2024-05-04,18:48:10,224.0.0.251
2024-05-04,18:48:10,224.0.0.251
2024-05-04,18:48:10,224.0.0.251
2024-05-04,18:48:10,224.0.0.251
2024-05-04,18:48:10,224.0.0.251
2024-05-04,18:48:10,224.0.0.251
2024-05-04,18:48:10,224.0.0.251
2024-05-04,18:48:10,224.0.0.251
2024-05-04,18:48:10,224.0.0.251
2024-05-04,18:48:10,224.0.0.251
2024-05-04,18:48:10,224.0.0.251
2024-05-04,18:48:10,224.0.0.251
2024-05-04,18:48:10,224.0.0.251
2024-05-04,18:48:10,224.0.0.251
2024-05-04,18:48:10,224.0.0.251
2024-05-04,18:48:10,224.0.0.251
2024-05-04,18:48:10,224.0.0.251
2024-05-04,18:48:10,224.0.0.251
2024-05-04,18:48:10,224.0.0.251
2024-05-04,18:48:10,224.0.0.251
2024-05-04,18:48:10,224.0.0.251
2024-05-04,18:48:10,224.0.0.251
2024-05-04,18:48:10,224.0.0.251
2024-05-04,18:48:10,224.0.0.251
2024-05-04,18:48:10,224.0.0.251
2024-05-04,18:48:10,224.0.0.251
2024-05-04,18:48:10,224.0.0.251
2024-05-04,18:48:10,224.0.0.251
2024-05-04,18:48:10,224.0.0.251
2024-05-04,18:48:10,224.0.0.251
2024-05-04,18:48:10,224.0.0.251
2024-05-04,18:48:10,224.0.0.251
2024-05-04,18:48:10,224.0.0.251
2024-05-04,18:48:10,224.0.0.251
2024-05-04,18:48:10,224.0.0.251
2024-05-04,18:48:10,224.0.0.251
2024-05-04,18:48:10,224.0.0.251
2024-05-04,18:48:10,224.0.0.251
2024-05-04,18:48:10,224.0.0.251
2024-05-04,18:48:10,224.0.0.251
2024-05-04,18:48:10,224.0.0.251
2024-05-04,18:48:10,224.0.0.251
2024-05-04,18:48:10,224.0.0.251
2024-05-04,18:48:10,224.0.0.251
2024-05-04,18:48:10,224.0.0.251
2024-05-04,18:48:10,224.0.0.251
2024-05-04,18:48:10,224.0.0.251
2024-05-04,18:48:10,224.0.0.251
2024-05-04,18:48:10,224.0.0.251
2024-05-04,18:48:10,224.0.0.251
2024-05-04,18:48:10,224.0.0.251
2024-05-04,18:48:10,224.0.0.251
2024-05-04,18:48:10,224.0.0.251
2024-05-04,18:48:10,224.0.0.251
2024-05-04,18:48:10,224.0.0.251
2024-05-04,18:48:10,224.0.0.251
2024-05-04,18:48:10,224.0.0.251
2024-05-04,18:48:10,224.0.0.251
2024-05-04,18:48:10,224.0.0.251
2024-05-04,18:48:10,224.0.0.251
2024-05-04,18:48:10,224.0.0.251
2024-05-04,18:48:10,224.0.0.251
2024-05-04,18:48:10,224.0.0.251
2024-05-04,18:48:10,224.0.0.251
2024-05-04,18:48:10,224.0.0.251
2024-05-04,18:48:10,224.0.0.251
2024-05-04,18:48:10,224.0.0.251
2024-05-04,18:48:10,224.0.0.251
2024-05-04,18:48:10,224.0.0.251
2024-05-04,18:48:10,224.0.0.251
2024-05-04,18:48:10,224.0.0.251
2024-05-04,18:48:10,224.0.0.251
2024-05-04,18:48:10,224.0.0.251
2024-05-04,18:48:10,224.0.0.251
2024-05-04,18:48:10,224.0.0.251
2024-05-04,18:48:10,224.0.0.251
2024-05-04,18:48:10,224.0.0.251
2024-05-04,18:48:10,224.0.0.251
2024-05-04,18:48:10,224.0.0.251
2024-05-04,18:48:10,224.0.0.251
2024-05-04,18:48:10,224.0.0.251
2024-05-04,18:48:10,224.0.0.251
2024-05-04,18:48:10,224.0.0.251
2024-05-04,18:48:10,224.0.0.251
2024-05-04,18:48:10,224.0.0.251
2024-05-04,18:48:10,224.0.0.251
2024-05-04,18:48:10,224.0.0.251
2024-05-04,18:48:10,224.0.0.251
2024-05-04,18:48:10,224.0.0.251
2024-05-04,18:48:10,224.0.0.251
2024-05-04,18:48:10,224.0.0.251
2024-05-04,18:48:10,224.0.0.251
2024-05-04,18:48:10,224.0.0.251
2024-05-04,18:48:10,224.0.0.251
2024-05-04,18:48:10,224.0.0.251
2024-05-04,18:48:10,224.0.0.251
2024-05-04,18:48:10,224.0.0.251
2024-05-04,18:48:10,224.0.0.251
2024-05-04,18:48:10,224.0.0.251
2024-05-04,18:48:10,224.0.0.251
2024-05-04,18:48:10,224.0.0.251
2024-05-04,18:48:10,224.0.0.251
2024-05-04,18:48:10,224.0.0.251
2024-05-04,18:48:10,224.0.0.251
2024-05-04,18:48:10,224.0.0.251
2024-05-04,18:48:10,224.0.0.251
2024-05-04,18:48:10,224.0.0.251
2024-05-04,18:48:10,224.0.0.251
2024-05-04,18:48:10,224.0.0.251
2024-05-04,18:48:10,224.0.0.251
2024-05-04,18:48:10,224.0.0.251
2024-05-04,18:48:10,224.0.0.251
2024-05-04,18:48:10,224.0.0.251
2024-05-04,18:48:10,224.0.0.251
2024-05-04,18:48:10,224.0.0.251
2024-05-04,18:48:10,224.0.0.251
2024-05-04,18:48:10,224.0.0.251
2024-05-04,18:48:10,224.0.0.251
2024-05-04,18:48:10,224.0.0.251
2024-05-04,18:48:10,224.0.0.251
2024-05-04,18:48:10,224.0.0.251
2024-05-04,18:48:10,224.0.0.251
2024-05-04,18:48:10,224.0.0.251
2024-05-04,18:48:10,224.0.0.251
2024-05-04,18:48:10,224.0.0.251
2024-05-04,18:48:10,224.0.0.251
2024-05-04,18:48:10,224.0.0.251
2024-05-04,18:48:10,224.0.0.251
2024-05-04,18:48:10,224.0.0.251
2024-05-04,18:48:10,224.0.0.251
2024-05-04,18:48:10,224.0.0.251
2024-05-04,18:48:10,224.0.0.251
2024-05-04,18:48:10,224.0.0.251
2024-05-04,18:48:10,224.0.0.251
2024-05-04,18:48:10,224.0.0.251
2024-05-04,18:48:10,224.0.0.251
2024-05-04,18:48:10,224.0.0.251
2024-05-04,18:48:10,224.0.0.251
2024-05-04,18:48:10,224.0.0.251
2024-05-04,18:48:10,224.0.0.251
2024-05-04,18:48:10,224.0.0.251
2024-05-04,18:48:10,224.0.0.251
2024-05-04,18:48:10,224.0.0.251
2024-05-04,18:48:10,224.0.0.251
2024-05-04,18:48:10,224.0.0.251
2024-05-04,18:48:10,224.0.0.251
2024-05-04,18:48:10,224.0.0.251
2024-05-04,18:48:10,224.0.0.251
2024-05-04,18:48:10,224.0.0.251
2024-05-04,18:48:10,224.0.0.251
2024-05-04,18:48:10,224.0.0.251
2024-05-04,18:48:10,224.0.0.251
2024-05-04,18:48:10,224.0.0.251
2024-05-04,18:48:10,224.0.0.251
2024-05-04,18:48:10,224.0.0.251
2024-05-04,18:48:10,224.0.0.251
2024-05-04,18:48:10,224.0.0.251
2024-05-04,18:48:10,224.0.0.251
2024-05-04,18:48:10,224.0.0.251
2024-05-04,18:48:10,224.0.0.251
2024-05-04,18:48:10,224.0.0.251
2024-05-04,18:48:10,224.0.0.251
2024-05-04,18:48:10,224.0.0.251
2024-05-04,18:48:10,224.0.0.251
2024-05-04,18:48:10,224.0.0.251
2024-05-04,18:48:10,224.0.0.251
2024-05-04,18:48:10,224.0.0.251
2024-05-04,18:48:10,224.0.0.251
2024-05-04,18:48:10,224.0.0.251
2024-05-04,18:48:10,224.0.0.251
2024-05-04,18:48:10,224.0.0.251
2024-05-04,18:48:10,224.0.0.251
2024-05-04,18:48:10,224.0.0.251
2024-05-04,18:48:10,224.0.0.251
2024-05-04,18:48:10,224.0.0.251
2024-05-04,18:48:10,224.0.0.251
2024-05-04,18:48:10,224.0.0.251
2024-05-04,18:48:10,224.0.0.251
2024-05-04,18:48:10,224.0.0.251
2024-05-04,18:48:10,224.0.0.251
2024-05-04,18:48:10,224.0.0.251
2024-05-04,18:48:10,224.0.0.251
2024-05-04,18:48:10,224.0.0.251
2024-05-04,18:48:10,224.0.0.251
2024-05-04,18:48:10,224.0.0.251
2024-05-04,18:48:10,224.0.0.251
2024-05-04,18:48:10,224.0.0.251
2024-05-04,18:48:10,224.0.0.251
2024-05-04,18:48:10,224.0.0.251
2024-05-04,18:48:10,224.0.0.251
2024-05-04,18:48:10,224.0.0.251
2024-05-04,18:48:10,224.0.0.251
2024-05-04,18:48:10,224.0.0.251
2024-05-04,18:48:10,224.0.0.251
2024-05-04,18:48:10,224.0.0.251
2024-05-04,18:48:10,224.0.0.251
2024-05-04,18:48:10,224.0.0.251
2024-05-04,18:48:10,224.0.0.251
2024-05-04,18:48:10,224.0.0.251
2024-05-04,18:48:10,224.0.0.251
2024-05-04,18:48:10,224.0.0.251
2024-05-04,18:48:10,224.0.0.251
2024-05-04,18:48:10,224.0.0.251
2024-05-04,18:48:10,224.0.0.251
2024-05-04,18:48:10,224.0.0.251
2024-05-04,18:48:10,224.0.0.251
2024-05-04,18:48:10,224.0.0.251
2024-05-04,18:48:10,224.0.0.251
2024-05-04,18:48:10,224.0.0.251
2024-05-04,18:48:10,224.0.0.251
2024-05-04,18:48:10,224.0.0.251
2024-05-04,18:48:10,224.0.0.251
2024-05-04,18:48:10,224.0.0.251
2024-05-04,18:48:10,224.0.0.251
2024-05-04,18:48:10,224.0.0.251
2024-05-04,18:48:10,224.0.0.251
2024-05-04,18:48:10,224.0.0.251
2024-05-04,18:48:10,224.0.0.251
2024-05-04,18:48:10,224.0.0.251
2024-05-04,18:48:10,224.0.0.251
2024-05-04,18:48:10,224.0.0.251
2024-05-04,18:48:10,224.0.0.251
2024-05-04,18:48:10,224.0.0.251
2024-05-04,18:48:10,224.0.0.251
2024-05-04,18:48:10,224.0.0.251
2024-05-04,18:48:10,224.0.0.251
2024-05-04,18:48:10,224.0.0.251
2024-05-04,18:48:10,224.0.0.251
2024-05-04,18:48:10,224.0.0.251
2024-05-04,18:48:10,224.0.0.251
2024-05-04,18:48:10,224.0.0.251
2024-05-04,18:48:10,224.0.0.251
2024-05-04,18:48:10,224.0.0.251
2024-05-04,18:48:10,224.0.0.251
2024-05-04,18:48:10,224.0.0.251
2024-05-04,18:48:10,224.0.0.251
2024-05-04,18:48:10,224.0.0.251
2024-05-04,18:48:10,224.0.0.251
2024-05-04,18:48:10,224.0.0.251
2024-05-04,18:48:10,224.0.0.251
2024-05-04,18:48:10,224.0.0.251
2024-05-04,18:48:10,224.0.0.251
2024-05-04,18:48:10,224.0.0.251
2024-05-04,18:48:10,224.0.0.251
2024-05-04,18:48:10,224.0.0.251
2024-05-04,18:48:10,224.0.0.251
2024-05-04,18:48:10,224.0.0.251
2024-05-04,18:48:10,224.0.0.251
2024-05-04,18:48:10,224.0.0.251
2024-05-04,18:48:10,224.0.0.251
2024-05-04,18:48:10,224.0.0.251
2024-05-04,18:48:10,224.0.0.251
2024-05-04,18:48:10,224.0.0.251
2024-05-04,18:48:10,224.0.0.251
2024-05-04,18:48:10,224.0.0.251
2024-05-04,18:48:10,224.0.0.251
2024-05-04,18:48:10,224.0.0.251
2024-05-04,18:48:10,224.0.0.251
2024-05-04,18:48:10,224.0.0.251
2024-05-04,18:48:10,224.0.0.251
2024-05-04,18:48:10,224.0.0.251
2024-05-04,18:48:10,224.0.0.251
2024-05-04,18:48:10,224.0.0.251
2024-05-04,18:48:10,224.0.0.251
2024-05-04,18:48:10,224.0.0.251
2024-05-04,18:48:10,224.0.0.251
2024-05-04,18:48:10,224.0.0.251
2024-05-04,18:48:10,224.0.0.251
2024-05-04,18:48:10,224.0.0.251
2024-05-04,18:48:10,224.0.0.251
2024-05-04,18:48:10,224.0.0.251
2024-05-04,18:48:10,224.0.0.251
2024-05-04,18:48:10,224.0.0.251
2024-05-04,18:48:10,224.0.0.251
2024-05-04,18:48:10,224.0.0.251
2024-05-04,18:48:10,224.0.0.251
2024-05-04,18:48:10,224.0.0.251
2024-05-04,18:48:10,224.0.0.251
2024-05-04,18:48:10,224.0.0.251
2024-05-04,18:48:10,224.0.0.251
2024-05-04,18:48:10,224.0.0.251
2024-05-04,18:48:10,224.0.0.251
2024-05-04,18:48:10,224.0.0.251
2024-05-04,18:48:10,224.0.0.251
2024-05-04,18:48:10,224.0.0.251
2024-05-04,18:48:10,224.0.0.251
2024-05-04,18:48:10,224.0.0.251
2024-05-04,18:48:10,224.0.0.251
2024-05-04,18:48:10,224.0.0.251
2024-05-04,18:48:10,224.0.0.251
2024-05-04,18:48:10,224.0.0.251
2024-05-04,18:48:10,224.0.0.251
2024-05-04,18:48:10,224.0.0.251
2024-05-04,18:48:10,224.0.0.251
2024-05-04,18:48:10,224.0.0.251
2024-05-04,18:48:10,224.0.0.251
2024-05-04,18:48:10,224.0.0.251
2024-05-04,18:48:10,224.0.0.251
2024-05-04,18:48:10,224.0.0.251
2024-05-04,18:48:10,224.0.0.251
2024-05-04,18:48:10,224.0.0.251
2024-05-04,18:48:10,224.0.0.251
2024-05-04,18:48:10,224.0.0.251
2024-05-04,18:48:10,224.0.0.251
2024-05-04,18:48:10,224.0.0.251
2024-05-04,18:48:10,224.0.0.251
2024-05-04,18:48:10,224.0.0.251
2024-05-04,18:48:10,224.0.0.251
2024-05-04,18:48:10,224.0.0.251
2024-05-04,18:48:10,224.0.0.251
2024-05-04,18:48:10,224.0.0.251
2024-05-04,18:48:10,224.0.0.251
2024-05-04,18:48:10,224.0.0.251
2024-05-04,18:48:10,224.0.0.251
2024-05-04,18:48:10,224.0.0.251
2024-05-04,18:48:10,224.0.0.251
2024-05-04,18:48:10,224.0.0.251
2024-05-04,18:48:10,224.0.0.251
2024-05-04,18:48:10,224.0.0.251
2024-05-04,18:48:10,224.0.0.251
2024-05-04,18:48:10,224.0.0.251
2024-05-04,18:48:10,224.0.0.251
2024-05-04,18:48:10,224.0.0.251
2024-05-04,18:48:10,224.0.0.251
2024-05-04,18:48:10,224.0.0.251
2024-05-04,18:48:10,224.0.0.251
2024-05-04,18:48:10,224.0.0.251
2024-05-04,18:48:10,224.0.0.251
2024-05-04,18:48:10,224.0.0.251
2024-05-04,18:48:10,224.0.0.251
2024-05-04,18:48:10,224.0.0.251
2024-05-04,18:48:10,224.0.0.251
2024-05-04,18:48:10,224.0.0.251
2024-05-04,18:48:10,224.0.0.251
2024-05-04,18:48:10,224.0.0.251
2024-05-04,18:48:10,224.0.0.251
2024-05-04,18:48:10,224.0.0.251
2024-05-04,18:48:10,224.0.0.251
2024-05-04,18:48:10,224.0.0.251
2024-05-04,18:48:10,224.0.0.251
2024-05-04,18:48:10,224.0.0.251
2024-05-04,18:48:10,224.0.0.251
2024-05-04,18:48:10,224.0.0.251
2024-05-04,18:48:10,224.0.0.251
2024-05-04,18:48:10,224.0.0.251
2024-05-04,18:48:10,224.0.0.251
2024-05-04,18:48:10,224.0.0.251
2024-05-04,18:48:10,224.0.0.251
2024-05-04,18:48:10,224.0.0.251
2024-05-04,18:48:10,224.0.0.251
2024-05-04,18:48:10,224.0.0.251
2024-05-04,18:48:10,224.0.0.251
2024-05-04,18:48:10,224.0.0.251
2024-05-04,18:48:10,224.0.0.251
2024-05-04,18:48:10,224.0.0.251
2024-05-04,18:48:10,224.0.0.251
2024-05-04,18:48:10,224.0.0.251
2024-05-04,18:48:10,224.0.0.251
2024-05-04,18:48:10,224.0.0.251
2024-05-04,18:48:10,224.0.0.251
2024-05-04,18:48:10,224.0.0.251
2024-05-04,18:48:10,224.0.0.251
2024-05-04,18:48:10,224.0.0.251
2024-05-04,18:48:10,224.0.0.251
2024-05-04,18:48:10,224.0.0.251
2024-05-04,18:48:10,224.0.0.251
2024-05-04,18:48:10,224.0.0.251
2024-05-04,18:48:10,224.0.0.251
2024-05-04,18:48:10,224.0.0.251
2024-05-04,18:48:10,224.0.0.251
2024-05-04,18:48:10,224.0.0.251
2024-05-04,18:48:10,224.0.0.251
2024-05-04,18:48:10,224.0.0.251
2024-05-04,18:48:10,224.0.0.251
2024-05-04,23:10:33,34.117.188.166
2024-05-04,23:10:33,41.226.16.204
2024-05-04,23:10:33,142.251.143.129
2024-05-04,23:10:33,142.251.143.170
2024-05-04,23:10:33,142.251.143.130
2024-05-04,23:10:33,224.0.0.251
2024-05-04,23:10:33,142.251.143.142
2024-05-04,23:10:33,104.18.10.207
2024-05-04,23:10:33,8.8.8.8
2024-05-04,23:10:33,192.168.1.17
2024-05-04,23:10:33,192.168.1.13
2024-05-04,23:10:33,142.251.143.214
2024-05-04,23:11:03,52.168.112.66
2024-05-04,23:11:03,41.226.16.204
2024-05-04,23:11:03,224.0.0.251
2024-05-04,23:11:03,104.18.11.207
2024-05-04,23:11:03,142.251.143.142
2024-05-04,23:11:03,192.168.1.17
2024-05-04,23:11:03,192.168.1.13
2024-05-04,23:20:14,41.226.49.206
2024-05-04,23:20:14,192.168.1.13
2024-05-04,23:20:14,192.168.1.1
2024-05-04,23:20:14,34.122.156.49
2024-05-04,23:20:14,142.251.143.142
2024-05-04,23:20:14,224.0.0.1
2024-05-04,23:22:26,8.8.8.8
2024-05-04,23:22:26,192.168.1.17
2024-05-04,23:22:26,192.168.1.13
2024-05-04,23:22:26,34.123.33.186
2024-05-04,23:22:26,142.251.143.142
2024-05-04,23:22:26,41.226.49.206
2024-05-04,23:22:26,224.0.0.251
2024-05-04,23:22:50,20.42.73.27
2024-05-04,23:22:50,192.168.1.13
2024-05-04,23:22:50,34.122.156.49
2024-05-04,23:22:50,34.170.65.59
2024-05-05,11:00:33,34.120.208.123
2024-05-05,11:00:33,172.64.149.23
2024-05-05,11:00:33,192.168.1.13
2024-05-05,11:00:33,104.18.11.207
2024-05-05,11:00:33,185.199.109.133
2024-05-05,11:00:33,185.125.190.56
2024-05-05,11:00:33,140.82.112.25
2024-05-05,11:00:33,192.229.221.95
2024-05-05,11:00:33,192.229.133.221
2024-05-05,11:59:47,172.64.146.98
2024-05-05,11:59:47,192.168.1.13
2024-05-05,11:59:47,41.226.16.207
2024-05-05,12:02:02,216.58.209.46
2024-05-05,12:02:02,8.8.8.8
2024-05-05,12:02:02,192.168.1.13
2024-05-05,12:02:02,142.251.143.202
2024-05-05,12:02:02,41.226.16.207
2024-05-05,12:04:45,41.226.16.50
2024-05-05,12:04:45,192.168.1.13
2024-05-05,12:04:45,216.58.209.46
2024-05-05,12:04:45,142.251.209.3
2024-05-05,12:04:45,41.226.16.207
2024-05-05,12:06:55,192.168.1.13
2024-05-05,12:06:55,216.58.204.238
2024-05-05,12:06:55,34.122.156.49
2024-05-05,12:13:32,142.251.209.46
2024-05-05,12:13:32,184.105.99.43
2024-05-05,12:13:32,192.168.1.13
2024-05-05,12:13:32,142.251.209.3
2024-05-05,12:13:32,41.231.245.57
2024-05-05,12:13:32,108.139.249.85
2024-05-05,12:13:32,142.251.143.99
2024-05-05,12:13:32,216.58.205.35
2024-05-05,12:13:32,142.251.143.98
2024-05-05,12:31:37,104.18.32.115
2024-05-05,12:31:37,185.125.190.48
2024-05-05,12:31:37,34.122.156.49
2024-05-05,12:31:37,41.226.16.50
2024-05-05,12:31:37,192.168.1.13
2024-05-05,13:11:29,142.251.143.132
2024-05-05,13:11:29,34.107.243.93
2024-05-05,13:11:29,192.168.1.13
2024-05-05,13:11:29,142.251.143.131
2024-05-05,13:11:29,142.251.143.162
2024-05-05,13:12:26,142.251.143.142
2024-05-05,13:12:26,224.0.0.251
2024-05-05,13:12:26,41.226.49.207
2024-05-05,13:12:26,192.168.1.13
2024-05-05,13:26:06,34.170.65.59
2024-05-05,13:26:06,13.107.5.93
2024-05-05,13:26:06,142.251.143.142
2024-05-05,13:26:06,34.123.33.186
2024-05-05,13:26:06,192.168.1.13
2024-05-05,13:26:06,8.8.8.8
2024-05-05,13:26:06,13.226.175.39
2024-05-05,13:26:06,142.251.143.131
2024-05-05,13:30:02,192.168.1.14
2024-05-05,13:30:02,192.168.1.13
2024-05-05,13:30:02,142.251.143.129
2024-05-05,13:30:02,142.251.143.150
2024-05-05,13:30:02,41.226.16.204
2024-05-05,13:30:02,224.0.0.251
2024-05-05,13:30:02,8.8.8.8
2024-05-05,13:30:02,142.251.143.142
2024-05-05,13:36:00,224.0.0.251
2024-05-05,13:36:00,192.168.1.14
2024-05-05,13:37:41,224.0.0.251
2024-05-05,13:37:41,142.251.143.142
2024-05-05,13:37:41,41.226.49.206
2024-05-05,13:37:41,192.168.1.13
2024-05-05,13:37:41,192.168.1.11
2024-05-05,13:37:41,34.117.188.166
2024-05-05,13:37:41,192.168.1.14
2024-05-05,13:39:25,142.251.143.182
2024-05-05,13:39:25,192.168.1.1
2024-05-05,13:39:25,224.0.0.251
2024-05-05,13:39:25,192.168.1.11
2024-05-05,13:39:25,224.0.0.1
2024-05-05,13:39:25,192.168.1.13
2024-05-05,13:39:57,41.226.16.50
2024-05-05,13:39:57,192.168.1.14
2024-05-05,13:39:57,192.168.1.13
2024-05-05,13:39:57,224.0.0.251
2024-05-05,13:40:40,192.168.1.13
2024-05-05,13:40:40,192.168.1.11
2024-05-05,13:40:40,41.226.16.50
2024-05-05,13:40:40,224.0.0.251
2024-05-05,13:40:40,41.226.16.207
2024-05-05,13:40:40,142.251.143.110
2024-05-05,13:41:13,142.251.209.4
2024-05-05,13:41:13,142.251.209.3
2024-05-05,13:41:13,192.168.1.13
2024-05-05,13:41:13,142.251.143.110
2024-05-05,13:41:13,41.226.16.50
2024-05-05,13:41:13,41.226.16.207
2024-05-05,13:41:13,142.251.143.130
2024-05-05,13:41:13,142.250.180.182
2024-05-05,13:42:54,104.18.11.207
2024-05-05,13:42:54,41.226.16.207
2024-05-05,13:42:54,142.251.143.110
2024-05-05,13:42:54,192.168.1.13
2024-05-05,13:46:18,34.122.156.49
2024-05-05,13:46:18,142.251.143.110
2024-05-05,13:46:18,41.226.16.207
2024-05-05,13:46:18,224.0.0.1
2024-05-05,13:46:18,41.226.16.50
2024-05-05,13:46:18,192.168.1.1
2024-05-05,13:46:18,192.168.1.13
2024-05-05,13:48:35,142.251.143.110
2024-05-05,13:48:35,41.226.16.207
2024-05-05,13:48:35,192.168.1.13
2024-05-05,13:48:35,34.122.156.49
2024-05-05,13:54:07,192.168.1.17
2024-05-05,13:54:07,224.0.0.251
2024-05-05,13:54:07,41.226.16.50
2024-05-05,13:54:07,192.168.1.13
2024-05-05,13:54:07,34.120.208.123
2024-05-05,13:54:10,192.168.1.14
2024-05-05,13:54:10,192.168.1.17
2024-05-05,13:54:10,224.0.0.251
2024-05-05,13:54:14,172.64.155.141
2024-05-05,13:54:14,192.168.1.14
2024-05-05,13:54:14,224.0.0.251
2024-05-05,13:54:14,192.168.1.13
2024-05-05,13:54:14,51.11.192.50
2024-05-05,13:56:53,142.251.209.3
2024-05-05,13:56:53,142.251.209.2
2024-05-05,13:56:53,34.120.208.123
2024-05-05,13:56:53,192.168.1.14
2024-05-05,13:56:53,192.168.1.13
2024-05-05,13:56:53,224.0.0.251
2024-05-05,13:56:53,34.170.65.59
2024-05-05,13:56:53,41.226.16.208
2024-05-05,13:56:53,142.251.209.3
2024-05-05,13:56:53,34.120.208.123
2024-05-05,13:56:53,142.251.209.2
2024-05-05,13:56:53,192.168.1.14
2024-05-05,13:56:53,192.168.1.13
2024-05-05,13:56:53,224.0.0.251
2024-05-05,13:56:53,34.170.65.59
2024-05-05,13:56:53,41.226.16.208
2024-05-05,13:56:54,142.251.209.3
2024-05-05,13:56:54,34.120.208.123
2024-05-05,13:56:54,142.251.209.2
2024-05-05,13:56:54,192.168.1.14
2024-05-05,13:56:54,192.168.1.13
2024-05-05,13:56:54,224.0.0.251
2024-05-05,13:56:54,34.170.65.59
2024-05-05,13:56:54,142.251.143.110
2024-05-05,13:56:54,41.226.16.208
2024-05-05,13:57:32,41.226.16.208
2024-05-05,13:57:32,224.0.0.251
2024-05-05,13:57:32,142.251.143.110
2024-05-05,13:57:32,192.168.1.14
2024-05-05,13:57:32,142.251.209.3
2024-05-05,13:57:32,192.168.1.13
2024-05-05,13:57:34,41.226.16.208
2024-05-05,13:57:34,224.0.0.251
2024-05-05,13:57:34,142.251.143.110
2024-05-05,13:57:34,192.168.1.14
2024-05-05,13:57:34,142.251.209.3
2024-05-05,13:57:34,192.168.1.13
2024-05-05,13:58:48,192.168.1.13
2024-05-05,13:58:48,142.251.209.2
2024-05-05,13:58:49,192.168.1.13
2024-05-05,13:58:49,142.251.209.2
2024-05-05,13:59:00,192.168.1.13
2024-05-05,13:59:00,51.11.192.50
2024-05-05,13:59:00,34.170.65.59
2024-05-05,13:59:00,142.251.143.110
2024-05-05,13:59:00,41.226.16.50
2024-05-05,13:59:01,192.168.1.13
2024-05-05,13:59:01,51.11.192.50
2024-05-05,13:59:01,34.170.65.59
2024-05-05,13:59:01,142.251.143.110
2024-05-05,13:59:01,41.226.16.50
2024-05-05,13:59:42,8.8.8.8
2024-05-05,13:59:42,192.168.1.17
2024-05-05,13:59:42,34.170.65.59
2024-05-05,13:59:42,142.251.143.110
2024-05-05,13:59:42,224.0.0.251
2024-05-05,13:59:42,41.226.16.207
2024-05-05,13:59:42,192.168.1.13
2024-05-05,13:59:44,8.8.8.8
2024-05-05,13:59:44,192.168.1.17
2024-05-05,13:59:44,34.170.65.59
2024-05-05,13:59:44,51.11.192.50
2024-05-05,13:59:44,142.251.143.110
2024-05-05,13:59:44,224.0.0.251
2024-05-05,13:59:44,41.226.16.207
2024-05-05,13:59:44,192.168.1.13
2024-05-05,13:59:44,8.8.8.8
2024-05-05,13:59:44,192.168.1.17
2024-05-05,13:59:44,34.170.65.59
2024-05-05,13:59:44,51.11.192.50
2024-05-05,13:59:44,142.251.143.110
2024-05-05,13:59:44,224.0.0.251
2024-05-05,13:59:44,41.226.16.207
2024-05-05,13:59:44,192.168.1.13
2024-05-05,13:59:44,8.8.8.8
2024-05-05,13:59:44,192.168.1.17
2024-05-05,13:59:44,34.170.65.59
2024-05-05,13:59:44,51.11.192.50
2024-05-05,13:59:44,142.251.143.110
2024-05-05,13:59:44,224.0.0.251
2024-05-05,13:59:44,41.226.16.207
2024-05-05,13:59:44,192.168.1.13
2024-05-05,14:00:06,192.168.1.13
2024-05-05,14:00:06,142.251.143.110
2024-05-05,14:00:06,41.226.16.207
2024-05-05,14:01:23,224.0.0.1
2024-05-05,14:01:23,192.168.1.1
2024-05-05,14:01:23,34.170.65.59
2024-05-05,14:01:23,192.168.1.13
2024-05-05,14:01:23,51.11.192.50
2024-05-05,14:01:23,41.226.16.207
2024-05-05,14:01:23,142.251.209.4
2024-05-05,14:01:23,34.107.243.93
2024-05-05,14:01:23,185.125.190.49
2024-05-05,14:01:23,142.251.143.195
2024-05-05,14:01:23,216.58.205.34
2024-05-05,14:01:23,8.8.8.8
2024-05-05,14:01:23,142.251.143.110
2024-05-05,14:01:23,224.0.0.251
2024-05-05,14:01:23,192.168.1.17
2024-05-05,14:03:27,34.107.243.93
2024-05-05,14:03:27,142.251.143.110
2024-05-05,14:03:27,142.251.143.206
2024-05-05,14:03:27,192.168.1.13
2024-05-05,14:03:27,41.226.16.207
2024-05-05,14:03:27,224.0.0.251
2024-05-05,21:19:17,192.168.1.1
2024-05-05,21:19:17,224.0.0.251
2024-05-05,21:19:17,224.0.0.1
2024-05-05,21:19:17,192.168.1.13
2024-05-05,21:19:17,8.8.8.8
2024-05-05,21:19:17,192.168.1.24
2024-05-05,21:19:17,142.251.143.142
2024-05-05,21:19:17,142.251.143.99
2024-05-05,21:19:17,41.226.16.207
2024-05-05,21:23:45,104.18.10.207
2024-05-05,21:23:45,41.226.16.207
2024-05-05,21:23:45,192.168.1.13
2024-05-05,21:23:45,192.168.1.20
2024-05-05,21:23:45,34.122.156.49
2024-05-05,21:23:45,192.168.1.14
2024-05-05,21:23:45,224.0.0.251
2024-05-05,21:27:32,3.78.168.176
2024-05-05,21:27:32,52.18.39.255
2024-05-05,21:27:32,76.223.111.18
2024-05-05,21:27:32,142.251.143.194
2024-05-05,21:27:32,188.125.72.139
2024-05-05,21:27:32,152.199.21.118
2024-05-05,21:27:32,52.213.68.198
2024-05-05,21:27:32,104.18.10.207
2024-05-05,21:27:32,52.19.147.254
2024-05-05,21:27:32,99.86.160.14
2024-05-05,21:27:32,142.251.143.131
2024-05-05,21:27:32,69.173.144.138
2024-05-05,21:27:32,185.64.189.112
2024-05-05,21:27:32,198.47.127.19
2024-05-05,21:27:32,224.0.0.251
2024-05-05,21:27:32,13.107.42.14
2024-05-05,21:27:32,20.135.25.7
2024-05-05,21:27:32,8.8.8.8
2024-05-05,21:27:32,35.186.253.211
2024-05-05,21:27:32,142.251.143.129
2024-05-05,21:27:32,34.253.101.178
2024-05-05,21:27:32,151.101.2.133
2024-05-05,21:27:32,142.251.143.132
2024-05-05,21:27:32,2.18.31.98
2024-05-05,21:27:32,31.13.69.35
2024-05-05,21:27:32,35.190.10.96
2024-05-05,21:27:32,87.248.119.251
2024-05-05,21:27:32,52.210.213.86
2024-05-05,21:27:32,192.229.221.95
2024-05-05,21:27:32,41.231.245.57
2024-05-05,21:27:32,185.184.8.90
2024-05-05,21:27:32,95.100.129.233
2024-05-05,21:27:32,18.197.199.178
2024-05-05,21:27:32,20.190.177.21
2024-05-05,21:27:32,192.168.1.13
2024-05-05,21:27:32,142.251.143.138
2024-05-05,21:27:32,142.251.143.134
2024-05-05,21:27:32,18.66.196.68
2024-05-05,21:27:32,142.251.143.142
2024-05-05,21:27:32,41.226.16.207
2024-05-05,21:27:32,172.64.149.180
2024-05-05,21:27:32,198.47.127.20
2024-05-05,21:27:32,89.207.16.140
2024-05-05,21:27:32,104.18.21.226
2024-05-05,21:29:35,8.8.8.8
2024-05-05,21:29:35,142.251.143.142
2024-05-05,21:29:35,192.168.1.13
2024-05-05,21:29:35,185.125.190.97
2024-05-05,21:33:32,3.124.64.248
2024-05-05,21:33:32,34.122.156.49
2024-05-05,21:33:32,198.47.127.19
2024-05-05,21:33:32,192.229.221.95
2024-05-05,21:33:32,104.18.38.76
2024-05-05,21:33:32,76.223.111.18
2024-05-05,21:33:32,192.168.1.13
2024-05-05,21:33:32,185.184.8.90
2024-05-05,21:33:32,8.8.8.8
2024-05-05,21:33:32,198.47.127.20
2024-05-05,21:33:32,224.0.0.251
2024-05-05,21:33:32,108.138.199.102
2024-05-05,21:33:32,142.251.143.142
2024-05-05,21:33:32,37.157.4.29
2024-05-05,21:33:32,54.155.234.52
2024-05-05,21:33:32,54.194.207.82
2024-05-05,21:35:02,41.226.49.204
2024-05-05,21:35:02,142.251.143.142
2024-05-05,21:35:02,192.168.1.13
2024-05-05,21:36:22,192.168.1.13
2024-05-05,21:36:22,192.168.1.1
2024-05-05,21:36:22,41.226.49.204
2024-05-05,21:36:22,224.0.0.1
2024-05-05,21:36:22,224.0.0.251
2024-05-05,21:36:22,192.168.1.14
2024-05-05,21:38:17,224.0.0.251
2024-05-05,21:38:17,192.168.1.1
2024-05-05,21:38:17,34.122.156.49
2024-05-05,21:38:17,224.0.0.1
2024-05-05,21:38:17,192.168.1.14
2024-05-05,21:38:17,192.168.1.13
2024-05-05,21:40:02,192.168.1.13
2024-05-05,21:40:02,41.226.16.208
2024-05-05,21:40:02,142.251.143.142
2024-05-05,21:41:25,192.168.1.13
2024-05-05,21:41:25,224.0.0.1
2024-05-05,21:41:25,142.251.143.142
2024-05-05,21:41:25,192.168.1.1
2024-05-05,21:41:25,142.251.143.132
2024-05-05,21:41:25,142.251.143.195
2024-05-05,21:41:25,224.0.0.251
2024-05-05,21:41:25,142.251.143.150
2024-05-05,21:41:25,142.251.143.98
2024-05-05,21:42:19,192.168.1.1
2024-05-05,21:42:19,41.226.49.207
2024-05-05,21:42:19,142.251.143.142
2024-05-05,21:42:19,224.0.0.251
2024-05-05,21:42:19,192.168.1.13
2024-05-05,21:42:19,224.0.0.1
2024-05-05,21:49:46,224.0.0.251
2024-05-05,21:49:46,142.251.143.142
2024-05-05,21:49:46,192.168.1.13
2024-05-05,21:49:46,192.168.1.14
2024-05-05,21:49:46,41.226.49.207
2024-05-05,21:49:50,224.0.0.251
2024-05-05,21:49:50,142.251.143.142
2024-05-05,21:49:50,192.168.1.13
2024-05-05,21:49:50,34.117.188.166
2024-05-05,21:49:50,142.251.143.130
2024-05-05,21:49:50,41.226.16.50
2024-05-05,21:49:50,192.168.1.14
2024-05-05,21:49:50,34.107.243.93
2024-05-05,21:49:50,41.226.49.207
2024-05-05,21:49:54,34.117.188.166
2024-05-05,21:49:54,192.168.1.13
2024-05-05,21:49:54,142.251.143.130
2024-05-05,21:49:54,41.226.16.50
2024-05-05,21:49:54,34.107.243.93
2024-05-05,21:49:54,41.226.49.207
2024-05-05,21:52:35,192.168.1.13
2024-05-05,21:52:35,34.122.156.49
2024-05-05,21:55:37,192.168.1.13
2024-05-05,21:55:37,41.226.49.204
2024-05-05,21:55:37,192.168.1.14
2024-05-05,21:55:37,142.251.143.142
2024-05-05,21:55:37,142.251.143.132
2024-05-05,21:55:37,34.170.65.59
2024-05-05,21:55:37,224.0.0.251
2024-05-05,22:00:48,142.251.143.150
2024-05-05,22:00:48,142.251.143.99
2024-05-05,22:00:48,104.18.10.207
2024-05-05,22:00:48,142.251.143.106
2024-05-05,22:00:48,192.168.1.13
2024-05-05,22:00:48,142.251.143.142
2024-05-05,22:00:48,41.226.16.50
2024-05-05,22:00:48,142.251.143.132
2024-05-05,22:00:48,142.251.143.130
2024-05-05,22:00:48,142.251.143.195
2024-05-05,22:00:48,142.251.143.98
2024-05-05,22:09:48,192.168.1.13
2024-05-05,22:09:48,41.226.49.206
2024-05-05,22:09:48,192.168.1.14
2024-05-05,22:09:48,224.0.0.251
2024-05-05,22:12:12,192.168.1.14
2024-05-05,22:12:12,142.251.143.132
2024-05-05,22:12:12,142.251.143.206
2024-05-05,22:12:12,192.168.1.13
2024-05-05,22:12:12,34.122.156.49
2024-05-05,22:12:12,34.170.65.59
2024-05-05,22:12:12,224.0.0.251
2024-05-05,22:12:59,41.226.16.50
2024-05-05,22:12:59,192.168.1.13
2024-05-05,22:12:59,34.170.65.59
2024-05-05,22:17:49,192.168.1.14
2024-05-05,22:17:49,142.251.143.206
2024-05-05,22:17:49,192.168.1.13
2024-05-05,22:17:49,34.160.144.191
2024-05-05,22:17:49,34.107.243.93
2024-05-05,22:17:49,41.226.16.50
2024-05-05,22:17:49,224.0.0.251
2024-05-05,22:17:49,34.120.208.123
2024-05-05,22:17:49,34.149.100.209
2024-05-06,00:10:41,41.226.16.50
2024-05-06,00:10:41,152.199.19.160
2024-05-06,00:10:41,41.226.49.205
2024-05-06,00:10:41,192.168.1.13
2024-05-06,00:10:41,34.117.188.166
2024-05-06,01:31:13,142.251.143.150
2024-05-06,01:31:13,142.251.143.196
2024-05-06,01:31:13,192.168.1.13
2024-05-06,01:31:13,142.251.143.99
2024-05-06,01:31:13,142.251.143.142
2024-05-06,01:31:13,142.251.143.129
2024-05-06,01:31:13,142.251.143.162
2024-05-06,01:35:16,142.251.143.161
2024-05-06,01:35:16,142.251.143.194
2024-05-06,01:35:16,224.0.0.1
2024-05-06,01:35:16,142.251.143.142
2024-05-06,01:35:16,173.194.79.84
2024-05-06,01:35:16,142.251.143.110
2024-05-06,01:35:16,192.168.1.13
2024-05-06,01:35:16,192.168.1.1
2024-05-06,01:35:16,34.120.208.123
2024-05-06,01:35:16,104.208.16.91
2024-05-06,01:35:16,142.251.143.131
2024-05-06,01:37:51,142.251.143.161
2024-05-06,01:37:51,173.194.182.201
2024-05-06,01:37:51,192.168.1.13
2024-05-06,01:37:51,142.251.143.194
2024-05-06,01:37:51,142.251.143.150
2024-05-06,01:44:54,192.168.1.13
2024-05-06,01:44:54,173.194.18.138
2024-05-06,01:44:54,142.251.143.142
2024-05-06,02:31:20,224.0.0.1
2024-05-06,02:31:20,74.125.111.104
2024-05-06,02:31:20,20.189.173.8
2024-05-06,02:31:20,224.0.0.251
2024-05-06,02:31:20,192.168.1.13
2024-05-06,02:31:20,142.251.143.206
2024-05-06,02:31:20,192.168.1.1
2024-05-06,02:42:58,74.125.99.136
2024-05-06,02:42:58,224.0.0.251
2024-05-06,02:42:58,192.168.1.11
2024-05-06,02:42:58,142.251.143.206
2024-05-06,02:42:58,192.168.1.13
2024-05-06,02:47:24,224.0.0.1
2024-05-06,02:47:24,192.168.1.1
2024-05-06,02:47:24,34.120.208.123
2024-05-06,02:47:24,224.0.0.251
2024-05-06,02:47:24,192.168.1.11
2024-05-06,02:47:24,142.251.143.130
2024-05-06,02:47:24,192.168.1.13
2024-05-06,02:47:24,41.226.16.50
2024-05-06,02:47:24,34.107.243.93
2024-05-06,02:47:24,34.117.188.166
